Date,Interval,Name,Open,High,Low,Close,Volume,Circuit
2019-05-30,D,Emami Paper Mills Ord Shs,172.95,172.95,140.0,152.0,799,0
2019-05-31,D,Emami Paper Mills Ord Shs,164.95,164.95,151.9,151.9,250,0
2019-06-03,D,Emami Paper Mills Ord Shs,151.9,157.45,151.9,152.15,237,0
2019-06-04,D,Emami Paper Mills Ord Shs,152.0,156.0,150.0,156.0,166,0
2019-06-06,D,Emami Paper Mills Ord Shs,156.0,156.0,144.05,144.25,389,0
2019-06-07,D,Emami Paper Mills Ord Shs,144.45,145.15,138.0,143.5,600,0
2019-06-10,D,Emami Paper Mills Ord Shs,149.95,149.95,139.0,149.8,49,0
2019-06-11,D,Emami Paper Mills Ord Shs,135.0,148.95,135.0,139.4,608,0
2019-06-12,D,Emami Paper Mills Ord Shs,139.05,141.6,139.0,140.2,666,0
2019-06-13,D,Emami Paper Mills Ord Shs,133.15,140.0,133.15,135.4,670,0
2019-06-14,D,Emami Paper Mills Ord Shs,135.5,135.5,130.0,130.35,1487,0
2019-06-17,D,Emami Paper Mills Ord Shs,130.35,130.35,115.0,125.95,390,0
2019-06-18,D,Emami Paper Mills Ord Shs,104.0,126.0,104.0,123.05,55,0
2019-06-19,D,Emami Paper Mills Ord Shs,118.0,122.5,110.0,111.4,887,0
2019-06-20,D,Emami Paper Mills Ord Shs,93.0,110.0,93.0,104.0,2576,0
2019-06-21,D,Emami Paper Mills Ord Shs,94.2,103.5,94.2,96.45,1990,0
2019-06-24,D,Emami Paper Mills Ord Shs,98.0,98.35,87.5,91.55,5173,0
2019-06-25,D,Emami Paper Mills Ord Shs,90.0,100.7,86.65,99.15,19480,0
2019-06-26,D,Emami Paper Mills Ord Shs,101.0,109.05,95.0,109.05,42227,0
2019-06-27,D,Emami Paper Mills Ord Shs,116.95,117.5,108.8,110.6,29740,0
2019-06-28,D,Emami Paper Mills Ord Shs,107.05,114.8,100.0,110.0,7976,0
2019-07-01,D,Emami Paper Mills Ord Shs,102.1,108.0,101.55,102.35,3737,0
2019-07-02,D,Emami Paper Mills Ord Shs,102.0,103.85,96.2,98.6,2003,0
2019-07-03,D,Emami Paper Mills Ord Shs,98.1,101.95,89.0,94.25,10418,0
2019-07-04,D,Emami Paper Mills Ord Shs,95.0,97.5,90.05,92.4,6403,0
2019-07-05,D,Emami Paper Mills Ord Shs,93.4,93.4,86.25,91.55,2457,0
2019-07-08,D,Emami Paper Mills Ord Shs,87.15,92.75,84.25,86.05,7146,0
2019-07-09,D,Emami Paper Mills Ord Shs,86.75,90.0,80.1,83.5,1107,0
2019-07-10,D,Emami Paper Mills Ord Shs,83.0,83.0,80.55,82.0,3676,0
2019-07-11,D,Emami Paper Mills Ord Shs,80.05,82.0,78.35,80.15,1281,0
2019-07-12,D,Emami Paper Mills Ord Shs,80.25,81.95,76.3,80.05,1947,0
2019-07-15,D,Emami Paper Mills Ord Shs,76.5,83.95,76.5,76.8,3006,0
2019-07-16,D,Emami Paper Mills Ord Shs,73.0,84.4,73.0,77.25,7136,0
2019-07-17,D,Emami Paper Mills Ord Shs,79.75,79.85,74.15,74.6,1280,0
2019-07-18,D,Emami Paper Mills Ord Shs,75.05,76.75,70.9,71.45,3138,0
2019-07-19,D,Emami Paper Mills Ord Shs,71.0,71.2,67.9,67.9,4779,0
2019-07-22,D,Emami Paper Mills Ord Shs,65.05,69.0,64.55,64.55,3142,0
2019-07-23,D,Emami Paper Mills Ord Shs,64.55,66.95,61.35,62.7,3585,0
2019-07-24,D,Emami Paper Mills Ord Shs,64.95,65.8,64.95,65.8,1650,0
2019-07-25,D,Emami Paper Mills Ord Shs,69.0,69.05,69.0,69.05,2405,0
2019-07-26,D,Emami Paper Mills Ord Shs,70.5,72.5,70.5,72.5,870,0
2019-07-29,D,Emami Paper Mills Ord Shs,71.0,76.0,71.0,72.6,2071,0
2019-07-30,D,Emami Paper Mills Ord Shs,74.8,74.8,69.0,71.25,937,0
2019-07-31,D,Emami Paper Mills Ord Shs,68.0,72.6,67.7,67.7,1260,0
2019-08-01,D,Emami Paper Mills Ord Shs,67.6,69.8,66.1,67.25,3457,0
2019-08-02,D,Emami Paper Mills Ord Shs,69.9,70.0,66.2,68.0,601,0
2019-08-05,D,Emami Paper Mills Ord Shs,66.2,70.05,64.65,69.8,177,0
2019-08-06,D,Emami Paper Mills Ord Shs,66.7,73.25,66.7,71.8,2303,0
2019-08-07,D,Emami Paper Mills Ord Shs,77.65,77.8,72.5,72.55,1168,0
2019-08-08,D,Emami Paper Mills Ord Shs,72.5,77.65,67.1,76.6,3052,0
2019-08-09,D,Emami Paper Mills Ord Shs,70.0,83.7,70.0,81.95,3153,0
2019-08-13,D,Emami Paper Mills Ord Shs,82.0,90.1,82.0,88.95,8655,0
2019-08-14,D,Emami Paper Mills Ord Shs,92.0,95.0,87.0,94.85,4460,0
2019-08-16,D,Emami Paper Mills Ord Shs,94.85,95.0,90.15,92.3,6403,0
2019-08-19,D,Emami Paper Mills Ord Shs,92.0,92.0,87.7,90.0,2733,0
2019-08-20,D,Emami Paper Mills Ord Shs,88.0,89.25,85.5,87.7,2732,0
2019-08-21,D,Emami Paper Mills Ord Shs,87.9,87.9,83.5,84.6,337,0
2019-08-22,D,Emami Paper Mills Ord Shs,82.05,82.05,80.4,80.4,429,0
2019-08-23,D,Emami Paper Mills Ord Shs,81.95,82.0,76.4,81.9,1499,0
2019-08-26,D,Emami Paper Mills Ord Shs,81.9,85.95,78.5,80.3,4659,0
2019-08-27,D,Emami Paper Mills Ord Shs,76.3,84.3,76.3,81.75,4623,0
2019-08-28,D,Emami Paper Mills Ord Shs,82.5,84.8,78.0,78.3,445,0
2019-08-29,D,Emami Paper Mills Ord Shs,79.5,79.5,74.8,74.95,493,0
2019-08-30,D,Emami Paper Mills Ord Shs,75.5,76.0,71.5,74.1,501,0
2019-09-03,D,Emami Paper Mills Ord Shs,70.6,76.0,70.45,70.45,332,0
2019-09-04,D,Emami Paper Mills Ord Shs,70.45,70.5,67.25,69.9,539,0
2019-09-05,D,Emami Paper Mills Ord Shs,67.1,71.95,67.1,70.0,139,0
2019-09-06,D,Emami Paper Mills Ord Shs,73.5,73.5,73.5,73.5,1015,1
2019-09-09,D,Emami Paper Mills Ord Shs,77.0,77.15,75.0,77.15,513,0
2019-09-11,D,Emami Paper Mills Ord Shs,81.0,81.0,81.0,81.0,581,1
2019-09-12,D,Emami Paper Mills Ord Shs,84.0,85.05,84.0,85.05,6281,0
2019-09-13,D,Emami Paper Mills Ord Shs,88.0,88.0,80.8,85.95,7890,0
2019-09-16,D,Emami Paper Mills Ord Shs,85.05,86.5,81.7,86.0,2668,0
2019-09-17,D,Emami Paper Mills Ord Shs,87.9,90.3,86.95,88.55,3836,0
2019-09-18,D,Emami Paper Mills Ord Shs,88.55,92.95,85.6,91.8,2330,0
2019-09-19,D,Emami Paper Mills Ord Shs,96.35,96.35,92.1,96.35,6993,1
2019-09-20,D,Emami Paper Mills Ord Shs,101.1,101.1,93.15,97.55,10975,0
2019-09-23,D,Emami Paper Mills Ord Shs,97.55,97.6,93.0,97.15,4178,0
2019-09-24,D,Emami Paper Mills Ord Shs,92.55,102.0,92.55,97.0,3523,0
2019-09-25,D,Emami Paper Mills Ord Shs,97.0,100.0,92.15,92.3,5542,0
2019-09-26,D,Emami Paper Mills Ord Shs,94.5,96.9,93.1,96.15,7957,0
2019-09-27,D,Emami Paper Mills Ord Shs,100.95,100.95,96.0,97.55,5981,0
2019-09-30,D,Emami Paper Mills Ord Shs,100.0,102.4,97.6,100.7,5194,0
2019-10-01,D,Emami Paper Mills Ord Shs,100.7,100.7,96.05,97.0,3279,0
2019-10-03,D,Emami Paper Mills Ord Shs,93.1,98.0,92.15,92.15,3038,0
2019-10-04,D,Emami Paper Mills Ord Shs,92.15,92.15,87.55,90.55,5097,0
2019-10-07,D,Emami Paper Mills Ord Shs,87.6,88.95,86.05,88.25,3490,0
2019-10-09,D,Emami Paper Mills Ord Shs,84.2,89.0,83.85,88.55,926,0
2019-10-10,D,Emami Paper Mills Ord Shs,84.2,87.85,84.15,84.3,3913,0
2019-10-11,D,Emami Paper Mills Ord Shs,80.65,85.0,80.1,80.85,886,0
2019-10-14,D,Emami Paper Mills Ord Shs,77.5,83.95,76.85,77.5,2675,1
2019-10-15,D,Emami Paper Mills Ord Shs,80.7,80.7,74.15,76.75,7567,0
2019-10-16,D,Emami Paper Mills Ord Shs,79.65,80.0,73.55,77.5,10235,0
2019-10-17,D,Emami Paper Mills Ord Shs,78.85,81.0,75.5,78.7,6182,0
2019-10-18,D,Emami Paper Mills Ord Shs,78.7,80.0,76.0,76.75,5708,0
2019-10-22,D,Emami Paper Mills Ord Shs,80.55,80.55,74.0,76.0,1578,0
2019-10-23,D,Emami Paper Mills Ord Shs,77.0,79.0,74.05,78.05,1532,0
2019-10-24,D,Emami Paper Mills Ord Shs,77.5,79.95,75.0,75.6,2388,0
2019-10-25,D,Emami Paper Mills Ord Shs,75.6,78.5,73.05,74.0,1007,0
2019-10-27,D,Emami Paper Mills Ord Shs,74.0,77.5,74.0,76.55,220,0
2019-10-29,D,Emami Paper Mills Ord Shs,74.95,79.9,74.15,78.7,3982,0
2019-10-30,D,Emami Paper Mills Ord Shs,79.1,79.15,76.35,79.1,1018,1
2019-10-31,D,Emami Paper Mills Ord Shs,78.5,79.5,75.15,76.15,7586,0
2019-11-01,D,Emami Paper Mills Ord Shs,75.0,77.75,73.1,76.0,2866,0
2019-11-04,D,Emami Paper Mills Ord Shs,77.5,77.5,73.0,74.05,2262,0
2019-11-05,D,Emami Paper Mills Ord Shs,77.0,77.0,74.1,74.95,600,0
2019-11-06,D,Emami Paper Mills Ord Shs,76.0,76.0,73.05,75.25,2074,0
2019-11-07,D,Emami Paper Mills Ord Shs,77.0,77.0,72.55,76.0,3389,0
2019-11-08,D,Emami Paper Mills Ord Shs,76.9,76.9,74.55,75.05,866,0
2019-11-11,D,Emami Paper Mills Ord Shs,78.0,78.0,71.6,73.5,1674,0
2019-11-13,D,Emami Paper Mills Ord Shs,75.5,75.5,70.7,71.35,4202,0
2019-11-14,D,Emami Paper Mills Ord Shs,72.5,73.75,70.35,73.75,398,0
2019-11-15,D,Emami Paper Mills Ord Shs,74.95,74.95,70.5,70.7,1775,0
2019-11-18,D,Emami Paper Mills Ord Shs,72.45,72.45,71.1,71.1,279,0
2019-11-19,D,Emami Paper Mills Ord Shs,72.0,72.95,69.5,70.95,849,0
2019-11-20,D,Emami Paper Mills Ord Shs,72.15,72.15,70.2,71.35,147,0
2019-11-21,D,Emami Paper Mills Ord Shs,68.05,72.9,67.8,68.6,3694,0
2019-11-22,D,Emami Paper Mills Ord Shs,68.0,71.8,66.0,69.5,1350,0
2019-11-25,D,Emami Paper Mills Ord Shs,67.6,71.95,67.6,70.0,3419,0
2019-11-26,D,Emami Paper Mills Ord Shs,72.4,72.4,70.05,70.15,378,0
2019-11-27,D,Emami Paper Mills Ord Shs,72.0,72.0,68.9,70.95,840,0
2019-11-28,D,Emami Paper Mills Ord Shs,70.95,70.95,67.45,70.15,1381,0
2019-11-29,D,Emami Paper Mills Ord Shs,68.9,70.85,67.3,69.95,412,0
2019-12-02,D,Emami Paper Mills Ord Shs,72.0,72.0,68.05,69.35,3832,0
2019-12-03,D,Emami Paper Mills Ord Shs,69.0,69.0,67.55,68.85,1754,0
2019-12-04,D,Emami Paper Mills Ord Shs,68.85,68.85,68.0,68.05,1289,0
2019-12-05,D,Emami Paper Mills Ord Shs,68.95,70.9,66.35,70.5,4826,0
2019-12-06,D,Emami Paper Mills Ord Shs,72.9,72.9,67.6,68.6,6901,0
2019-12-09,D,Emami Paper Mills Ord Shs,74.9,74.9,69.7,70.2,24083,0
2019-12-10,D,Emami Paper Mills Ord Shs,69.0,70.5,67.35,69.2,1154,0
2019-12-11,D,Emami Paper Mills Ord Shs,68.0,70.8,65.2,67.0,2836,0
2019-12-12,D,Emami Paper Mills Ord Shs,70.0,70.0,66.35,67.55,1188,0
2019-12-13,D,Emami Paper Mills Ord Shs,70.0,72.0,66.15,69.7,2840,0
2019-12-16,D,Emami Paper Mills Ord Shs,67.05,71.75,67.0,70.4,1534,0
2019-12-17,D,Emami Paper Mills Ord Shs,76.5,77.4,74.15,77.4,81639,0
2019-12-18,D,Emami Paper Mills Ord Shs,77.4,77.45,71.5,72.35,22421,0
2019-12-19,D,Emami Paper Mills Ord Shs,77.4,77.4,72.0,73.7,9512,0
2019-12-20,D,Emami Paper Mills Ord Shs,75.95,75.95,73.2,74.0,2061,0
2019-12-23,D,Emami Paper Mills Ord Shs,74.0,75.45,71.15,74.5,2193,0
2019-12-24,D,Emami Paper Mills Ord Shs,76.0,76.0,72.6,74.7,1939,0
2019-12-26,D,Emami Paper Mills Ord Shs,76.5,77.55,74.9,76.4,22472,0
2019-12-27,D,Emami Paper Mills Ord Shs,76.85,76.85,74.65,75.8,2473,0
2019-12-30,D,Emami Paper Mills Ord Shs,76.05,76.05,74.8,75.55,1332,0
2019-12-31,D,Emami Paper Mills Ord Shs,74.8,75.85,73.3,73.9,1937,0
2020-01-01,D,Emami Paper Mills Ord Shs,73.75,75.75,73.1,73.55,540,0
2020-01-02,D,Emami Paper Mills Ord Shs,74.0,75.45,71.5,73.85,3890,0
2020-01-03,D,Emami Paper Mills Ord Shs,74.35,76.0,73.55,73.7,4025,0
2020-01-06,D,Emami Paper Mills Ord Shs,76.5,76.5,70.5,71.15,1773,0
2020-01-07,D,Emami Paper Mills Ord Shs,72.0,75.0,72.0,74.45,4901,0
2020-01-08,D,Emami Paper Mills Ord Shs,74.0,75.0,72.2,74.15,1823,0
2020-01-09,D,Emami Paper Mills Ord Shs,81.55,81.55,80.05,81.55,40178,1
2020-01-10,D,Emami Paper Mills Ord Shs,89.7,89.7,89.7,89.7,14084,1
2020-01-13,D,Emami Paper Mills Ord Shs,97.85,98.65,95.6,98.65,31994,0
2020-01-14,D,Emami Paper Mills Ord Shs,103.55,103.55,103.55,103.55,3971,1
2020-01-15,D,Emami Paper Mills Ord Shs,108.7,108.7,108.7,108.7,6763,1
2020-01-16,D,Emami Paper Mills Ord Shs,114.1,114.1,103.5,114.1,100322,1
2020-01-17,D,Emami Paper Mills Ord Shs,119.5,119.8,116.2,119.8,11105,0
2020-01-20,D,Emami Paper Mills Ord Shs,125.75,125.75,120.0,125.75,48323,1
2020-01-21,D,Emami Paper Mills Ord Shs,132.0,132.0,127.0,132.0,21494,1
2020-01-22,D,Emami Paper Mills Ord Shs,138.6,138.6,138.6,138.6,16416,1
2020-01-23,D,Emami Paper Mills Ord Shs,145.5,145.5,135.0,145.5,149965,1
2020-01-24,D,Emami Paper Mills Ord Shs,150.0,152.75,145.5,152.75,143741,0
2020-01-27,D,Emami Paper Mills Ord Shs,152.5,154.6,145.15,145.15,28677,0
2020-01-28,D,Emami Paper Mills Ord Shs,137.9,137.9,137.9,137.9,2608,1
2020-01-29,D,Emami Paper Mills Ord Shs,131.05,131.05,131.05,131.05,4386,1
2020-01-30,D,Emami Paper Mills Ord Shs,124.5,124.5,124.5,124.5,1567,1
2020-01-31,D,Emami Paper Mills Ord Shs,118.3,118.3,118.3,118.3,3748,1
2020-02-01,D,Emami Paper Mills Ord Shs,112.4,123.7,112.4,112.4,79278,1
2020-02-03,D,Emami Paper Mills Ord Shs,106.8,106.8,106.8,106.8,898,1
2020-02-04,D,Emami Paper Mills Ord Shs,101.5,101.5,101.5,101.5,2503,1
2020-02-05,D,Emami Paper Mills Ord Shs,96.45,102.85,96.45,96.45,80543,1
2020-02-06,D,Emami Paper Mills Ord Shs,94.05,101.25,92.5,101.25,45976,0
2020-02-07,D,Emami Paper Mills Ord Shs,106.3,106.3,106.3,106.3,1788,1
2020-02-10,D,Emami Paper Mills Ord Shs,111.55,111.6,111.55,111.6,6157,0
2020-02-11,D,Emami Paper Mills Ord Shs,117.15,117.15,106.05,106.05,75031,0
2020-02-12,D,Emami Paper Mills Ord Shs,100.75,100.75,100.75,100.75,4236,1
2020-02-13,D,Emami Paper Mills Ord Shs,95.75,104.95,95.75,103.6,74814,0
2020-02-14,D,Emami Paper Mills Ord Shs,101.35,104.35,98.45,98.45,30495,0
2020-02-17,D,Emami Paper Mills Ord Shs,98.35,98.35,93.55,93.55,20176,0
2020-02-18,D,Emami Paper Mills Ord Shs,89.5,92.45,88.9,89.35,19297,0
2020-02-19,D,Emami Paper Mills Ord Shs,93.0,93.8,92.1,93.8,7054,0
2020-02-20,D,Emami Paper Mills Ord Shs,98.45,98.45,96.05,98.45,38907,1
2020-02-24,D,Emami Paper Mills Ord Shs,99.9,99.9,93.55,93.95,20565,0
2020-02-25,D,Emami Paper Mills Ord Shs,95.0,95.0,89.5,91.8,16606,0
2020-02-26,D,Emami Paper Mills Ord Shs,90.2,94.2,89.3,90.35,9400,0
2020-02-27,D,Emami Paper Mills Ord Shs,90.35,90.35,86.4,87.6,6709,0
2020-02-28,D,Emami Paper Mills Ord Shs,87.5,87.5,83.25,83.95,10966,0
2020-03-02,D,Emami Paper Mills Ord Shs,84.4,88.0,80.1,81.85,12564,0
2020-03-03,D,Emami Paper Mills Ord Shs,81.85,82.45,78.0,79.4,10473,0
2020-03-04,D,Emami Paper Mills Ord Shs,78.7,80.0,75.45,76.1,6400,0
2020-03-05,D,Emami Paper Mills Ord Shs,76.1,79.9,76.1,79.9,21491,0
2020-03-06,D,Emami Paper Mills Ord Shs,79.8,83.75,76.1,82.8,14310,0
2020-03-09,D,Emami Paper Mills Ord Shs,79.2,81.5,78.7,78.7,3563,0
2020-03-11,D,Emami Paper Mills Ord Shs,75.3,80.85,74.8,74.8,17045,0
2020-03-12,D,Emami Paper Mills Ord Shs,71.25,71.25,71.1,71.1,2259,0
2020-03-13,D,Emami Paper Mills Ord Shs,67.55,73.8,67.55,70.6,10169,0
2020-03-16,D,Emami Paper Mills Ord Shs,68.0,72.8,67.1,67.5,6190,0
2020-03-17,D,Emami Paper Mills Ord Shs,70.0,70.0,64.55,65.55,6067,0
2020-03-18,D,Emami Paper Mills Ord Shs,63.55,67.25,62.3,62.3,5841,0
2020-03-19,D,Emami Paper Mills Ord Shs,61.5,62.0,59.2,59.75,6965,0
2020-03-20,D,Emami Paper Mills Ord Shs,59.75,60.95,56.8,57.15,12513,0
2020-03-23,D,Emami Paper Mills Ord Shs,56.8,58.8,54.3,54.4,2198,0
2020-03-24,D,Emami Paper Mills Ord Shs,56.45,56.5,51.7,51.9,4222,0
2020-03-25,D,Emami Paper Mills Ord Shs,49.5,51.45,49.35,49.95,3661,0
2020-03-26,D,Emami Paper Mills Ord Shs,52.35,52.4,49.95,52.35,9665,1
2020-03-27,D,Emami Paper Mills Ord Shs,53.9,54.95,49.75,50.5,8554,0
2020-03-30,D,Emami Paper Mills Ord Shs,52.05,52.05,48.2,48.95,6509,0
2020-03-31,D,Emami Paper Mills Ord Shs,48.1,51.1,48.1,49.5,10339,0
2020-04-01,D,Emami Paper Mills Ord Shs,49.5,51.9,48.55,51.05,4801,0
2020-04-03,D,Emami Paper Mills Ord Shs,52.9,53.5,48.6,52.5,7697,0
2020-04-07,D,Emami Paper Mills Ord Shs,55.1,55.1,52.5,55.1,8766,1
2020-04-08,D,Emami Paper Mills Ord Shs,57.85,57.85,53.55,57.85,3070,1
2020-04-09,D,Emami Paper Mills Ord Shs,60.7,60.7,60.7,60.7,1317,1
2020-04-13,D,Emami Paper Mills Ord Shs,63.7,63.7,63.7,63.7,2171,1
2020-04-15,D,Emami Paper Mills Ord Shs,66.85,66.85,66.85,66.85,1035,1
2020-04-16,D,Emami Paper Mills Ord Shs,70.15,70.15,70.15,70.15,3937,1
2020-04-17,D,Emami Paper Mills Ord Shs,73.65,73.65,73.65,73.65,1255,1
2020-04-20,D,Emami Paper Mills Ord Shs,77.3,77.3,77.3,77.3,2036,1
2020-04-21,D,Emami Paper Mills Ord Shs,79.8,81.15,73.45,81.15,49408,0
2020-04-22,D,Emami Paper Mills Ord Shs,85.0,85.2,85.0,85.2,10884,0
2020-04-23,D,Emami Paper Mills Ord Shs,89.45,89.45,89.45,89.45,4343,1
2020-04-24,D,Emami Paper Mills Ord Shs,93.9,93.9,93.9,93.9,14904,1
2020-04-27,D,Emami Paper Mills Ord Shs,98.55,98.55,89.25,89.25,18550,0
2020-04-28,D,Emami Paper Mills Ord Shs,84.8,84.8,84.8,84.8,4259,1
2020-04-29,D,Emami Paper Mills Ord Shs,81.0,81.0,80.6,80.6,4127,0
2020-04-30,D,Emami Paper Mills Ord Shs,76.6,84.5,76.6,78.4,48027,0
2020-05-04,D,Emami Paper Mills Ord Shs,80.0,80.0,75.5,78.3,13136,0
2020-05-05,D,Emami Paper Mills Ord Shs,78.3,80.95,76.65,77.7,5668,0
2020-05-06,D,Emami Paper Mills Ord Shs,77.0,77.0,74.8,75.6,2261,0
2020-05-07,D,Emami Paper Mills Ord Shs,77.5,79.35,72.65,79.35,12124,0
2020-05-08,D,Emami Paper Mills Ord Shs,83.0,83.3,76.0,77.55,21134,0
2020-05-11,D,Emami Paper Mills Ord Shs,79.95,79.95,76.55,77.5,4042,0
2020-05-12,D,Emami Paper Mills Ord Shs,78.0,78.0,73.65,75.05,9451,0
2020-05-13,D,Emami Paper Mills Ord Shs,78.8,78.8,71.35,74.2,13252,0
2020-05-14,D,Emami Paper Mills Ord Shs,71.6,74.9,71.6,72.5,6290,0
2020-05-15,D,Emami Paper Mills Ord Shs,71.55,74.5,71.5,73.35,5241,0
2020-05-18,D,Emami Paper Mills Ord Shs,76.1,76.1,69.7,70.65,4043,0
2020-05-19,D,Emami Paper Mills Ord Shs,73.95,73.95,67.2,68.1,6801,0
2020-05-20,D,Emami Paper Mills Ord Shs,68.35,69.75,66.0,66.6,10476,0
2020-05-21,D,Emami Paper Mills Ord Shs,68.9,68.9,67.0,67.35,3203,0
2020-05-22,D,Emami Paper Mills Ord Shs,68.9,68.9,65.15,66.4,2408,0
2020-05-26,D,Emami Paper Mills Ord Shs,69.45,69.45,66.25,66.85,2305,0
2020-05-27,D,Emami Paper Mills Ord Shs,66.85,69.45,63.6,66.3,11884,0
2020-05-28,D,Emami Paper Mills Ord Shs,66.4,67.85,65.15,67.35,4421,0
2020-05-29,D,Emami Paper Mills Ord Shs,69.7,70.7,66.6,69.75,15696,0
2020-06-01,D,Emami Paper Mills Ord Shs,72.0,73.2,67.1,73.1,12703,0
2020-06-02,D,Emami Paper Mills Ord Shs,71.15,75.95,70.7,73.45,9357,0
2020-06-03,D,Emami Paper Mills Ord Shs,74.2,76.0,73.5,74.55,10849,0
2020-06-04,D,Emami Paper Mills Ord Shs,74.55,76.35,72.25,73.6,6342,0
2020-06-05,D,Emami Paper Mills Ord Shs,72.55,76.9,72.5,76.45,12354,0
2020-06-08,D,Emami Paper Mills Ord Shs,79.9,80.25,78.25,80.2,14473,0
2020-06-09,D,Emami Paper Mills Ord Shs,84.1,84.2,76.2,77.45,16200,0
2020-06-10,D,Emami Paper Mills Ord Shs,77.5,77.9,75.35,76.2,5025,0
2020-06-11,D,Emami Paper Mills Ord Shs,74.5,78.9,74.5,76.4,6226,0
2020-06-12,D,Emami Paper Mills Ord Shs,73.45,77.0,73.0,76.0,9870,0
2020-06-15,D,Emami Paper Mills Ord Shs,76.0,78.9,73.3,74.35,4354,0
2020-06-16,D,Emami Paper Mills Ord Shs,75.05,75.75,73.5,73.6,4865,0
2020-06-17,D,Emami Paper Mills Ord Shs,74.0,74.95,73.0,73.3,3167,0
2020-06-18,D,Emami Paper Mills Ord Shs,74.25,76.95,73.6,76.95,6871,0
2020-06-19,D,Emami Paper Mills Ord Shs,80.75,80.75,76.2,77.8,15885,0
2020-06-22,D,Emami Paper Mills Ord Shs,77.0,81.65,76.75,81.35,33626,0
2020-06-23,D,Emami Paper Mills Ord Shs,84.45,84.45,79.35,80.85,10997,0
2020-06-24,D,Emami Paper Mills Ord Shs,81.05,84.85,79.5,79.95,22491,0
2020-06-25,D,Emami Paper Mills Ord Shs,83.9,83.9,78.0,79.85,7202,0
2020-06-26,D,Emami Paper Mills Ord Shs,80.05,81.8,79.5,80.95,12775,0
2020-06-29,D,Emami Paper Mills Ord Shs,80.8,84.85,79.25,83.15,34213,0
2020-06-30,D,Emami Paper Mills Ord Shs,81.2,81.8,79.0,79.0,16810,0
2020-07-01,D,Emami Paper Mills Ord Shs,76.1,78.0,75.65,76.95,9647,0
2020-07-02,D,Emami Paper Mills Ord Shs,76.95,78.4,75.55,77.5,7082,0
2020-07-03,D,Emami Paper Mills Ord Shs,80.5,80.5,75.7,76.05,19801,0
2020-07-06,D,Emami Paper Mills Ord Shs,78.45,78.75,76.7,77.7,12049,0
2020-07-07,D,Emami Paper Mills Ord Shs,77.55,78.45,76.0,77.1,4931,0
2020-07-08,D,Emami Paper Mills Ord Shs,77.85,79.0,76.0,76.4,4152,0
2020-07-09,D,Emami Paper Mills Ord Shs,77.65,80.0,76.95,77.45,4249,0
2020-07-10,D,Emami Paper Mills Ord Shs,76.5,79.35,76.5,78.45,3578,0
2020-07-13,D,Emami Paper Mills Ord Shs,81.0,81.0,76.5,76.8,6297,0
2020-07-14,D,Emami Paper Mills Ord Shs,77.05,77.25,75.3,76.2,5117,0
2020-07-15,D,Emami Paper Mills Ord Shs,76.25,78.0,74.75,75.05,3522,0
2020-07-16,D,Emami Paper Mills Ord Shs,75.05,76.15,73.25,74.55,4259,0
2020-07-17,D,Emami Paper Mills Ord Shs,74.55,76.45,74.0,74.7,5689,0
2020-07-20,D,Emami Paper Mills Ord Shs,77.8,77.8,72.25,73.45,7153,0
2020-07-21,D,Emami Paper Mills Ord Shs,73.45,74.9,72.9,73.55,8594,0
2020-07-22,D,Emami Paper Mills Ord Shs,74.25,74.85,72.75,73.4,4087,0
2020-07-23,D,Emami Paper Mills Ord Shs,74.3,74.3,72.25,73.4,3473,0
2020-07-24,D,Emami Paper Mills Ord Shs,72.4,74.05,72.0,72.5,4662,0
2020-07-27,D,Emami Paper Mills Ord Shs,73.6,74.35,69.9,70.15,3131,0
2020-07-28,D,Emami Paper Mills Ord Shs,70.15,73.65,69.9,73.65,10569,0
2020-07-29,D,Emami Paper Mills Ord Shs,73.65,77.1,71.6,72.4,5796,0
2020-07-30,D,Emami Paper Mills Ord Shs,72.4,75.05,70.1,70.85,2846,0
2020-07-31,D,Emami Paper Mills Ord Shs,71.3,72.65,69.0,69.8,4942,0
2020-08-03,D,Emami Paper Mills Ord Shs,70.0,71.95,69.4,71.9,609,0
2020-08-04,D,Emami Paper Mills Ord Shs,69.95,71.9,69.9,71.1,1003,0
2020-08-05,D,Emami Paper Mills Ord Shs,72.45,73.0,70.0,70.95,2741,0
2020-08-06,D,Emami Paper Mills Ord Shs,70.6,71.7,69.55,70.0,5502,0
2020-08-07,D,Emami Paper Mills Ord Shs,70.5,71.35,70.05,70.55,3286,0
2020-08-10,D,Emami Paper Mills Ord Shs,72.9,75.5,66.6,73.2,13030,0
2020-08-11,D,Emami Paper Mills Ord Shs,75.0,78.8,75.0,76.45,13278,0
2020-08-12,D,Emami Paper Mills Ord Shs,78.0,80.0,75.5,76.6,15575,0
2020-08-13,D,Emami Paper Mills Ord Shs,76.45,78.2,74.05,75.3,11861,0
2020-08-14,D,Emami Paper Mills Ord Shs,75.35,77.35,73.0,73.25,7278,0
2020-08-17,D,Emami Paper Mills Ord Shs,75.8,75.8,72.2,74.4,6445,0
2020-08-18,D,Emami Paper Mills Ord Shs,75.0,78.0,72.65,74.75,16328,0
2020-08-19,D,Emami Paper Mills Ord Shs,75.45,76.15,73.6,74.85,7071,0
2020-08-20,D,Emami Paper Mills Ord Shs,73.0,77.5,73.0,74.05,21218,0
2020-08-21,D,Emami Paper Mills Ord Shs,76.65,76.8,74.25,75.55,8371,0
2020-08-24,D,Emami Paper Mills Ord Shs,75.65,76.55,74.5,74.7,8357,0
2020-08-25,D,Emami Paper Mills Ord Shs,73.45,76.45,73.2,73.9,7392,0
2020-08-26,D,Emami Paper Mills Ord Shs,74.95,76.9,74.15,75.4,11179,0
2020-08-27,D,Emami Paper Mills Ord Shs,76.45,76.45,74.6,75.25,6367,0
2020-08-28,D,Emami Paper Mills Ord Shs,75.3,77.5,74.35,75.55,10375,0
2020-08-31,D,Emami Paper Mills Ord Shs,75.05,76.55,73.0,73.2,8811,0
2020-09-01,D,Emami Paper Mills Ord Shs,74.8,74.8,71.75,73.0,4097,0
2020-09-02,D,Emami Paper Mills Ord Shs,73.5,73.85,71.2,72.45,3102,0
2020-09-03,D,Emami Paper Mills Ord Shs,73.95,73.95,70.85,71.65,4680,0
2020-09-04,D,Emami Paper Mills Ord Shs,71.0,73.85,68.8,68.95,28956,0
2020-09-07,D,Emami Paper Mills Ord Shs,67.0,70.95,67.0,67.95,6378,0
2020-09-08,D,Emami Paper Mills Ord Shs,68.45,70.5,68.0,68.45,4993,1
2020-09-09,D,Emami Paper Mills Ord Shs,67.15,71.9,66.1,70.05,10641,0
2020-09-10,D,Emami Paper Mills Ord Shs,68.2,72.8,67.95,68.5,3800,0
2020-09-11,D,Emami Paper Mills Ord Shs,71.35,71.35,67.65,69.2,4146,0
2020-09-14,D,Emami Paper Mills Ord Shs,71.05,71.65,69.05,70.0,3293,0
2020-09-15,D,Emami Paper Mills Ord Shs,69.15,70.95,69.1,70.05,3320,0
2020-09-16,D,Emami Paper Mills Ord Shs,70.05,71.5,68.65,68.95,5091,0
2020-09-17,D,Emami Paper Mills Ord Shs,69.9,69.9,68.85,68.9,1159,0
2020-09-18,D,Emami Paper Mills Ord Shs,68.55,73.0,68.0,70.05,4600,0
2020-09-21,D,Emami Paper Mills Ord Shs,67.5,70.0,65.3,68.4,4856,0
2020-09-22,D,Emami Paper Mills Ord Shs,68.35,69.0,65.55,67.0,2712,0
2020-09-23,D,Emami Paper Mills Ord Shs,66.9,69.5,66.9,67.8,3794,0
2020-09-24,D,Emami Paper Mills Ord Shs,70.45,70.5,65.4,65.8,2068,0
2020-09-25,D,Emami Paper Mills Ord Shs,67.75,68.85,65.65,66.95,1978,0
2020-09-28,D,Emami Paper Mills Ord Shs,66.7,70.8,66.6,66.9,6092,0
2020-09-29,D,Emami Paper Mills Ord Shs,66.7,68.65,66.0,67.2,2691,0
2020-09-30,D,Emami Paper Mills Ord Shs,67.2,70.8,66.55,67.4,2836,0
2020-10-01,D,Emami Paper Mills Ord Shs,68.5,68.5,67.4,67.9,2772,0
2020-10-05,D,Emami Paper Mills Ord Shs,69.0,69.8,66.35,66.95,2892,0
2020-10-06,D,Emami Paper Mills Ord Shs,68.75,68.75,67.1,68.35,2225,0
2020-10-07,D,Emami Paper Mills Ord Shs,68.05,69.25,66.25,68.1,2694,0
2020-10-08,D,Emami Paper Mills Ord Shs,67.4,73.0,67.4,69.9,10885,0
2020-10-09,D,Emami Paper Mills Ord Shs,69.9,69.95,67.45,68.75,3907,0
2020-10-12,D,Emami Paper Mills Ord Shs,70.7,70.7,67.35,68.3,1039,0
2020-10-13,D,Emami Paper Mills Ord Shs,68.0,71.7,67.1,67.75,8921,0
2020-10-14,D,Emami Paper Mills Ord Shs,67.55,68.95,66.25,66.75,4629,0
2020-10-15,D,Emami Paper Mills Ord Shs,66.4,68.0,64.0,65.05,7820,0
2020-10-16,D,Emami Paper Mills Ord Shs,65.15,66.5,64.2,64.8,1171,0
2020-10-19,D,Emami Paper Mills Ord Shs,66.6,66.6,64.0,64.05,1788,0
2020-10-20,D,Emami Paper Mills Ord Shs,64.75,64.75,63.8,63.8,108049,0
2020-10-21,D,Emami Paper Mills Ord Shs,63.55,66.4,63.55,64.65,105968,0
2020-10-22,D,Emami Paper Mills Ord Shs,65.8,67.4,64.0,64.2,6103,0
2020-10-23,D,Emami Paper Mills Ord Shs,65.3,66.95,64.4,65.9,6071,0
2020-10-26,D,Emami Paper Mills Ord Shs,67.25,67.25,65.15,65.75,1463,0
2020-10-27,D,Emami Paper Mills Ord Shs,65.0,66.15,64.45,64.55,1778,0
2020-10-28,D,Emami Paper Mills Ord Shs,65.9,65.9,63.5,63.95,3824,0
2020-10-29,D,Emami Paper Mills Ord Shs,66.3,66.3,62.35,64.35,2338,0
2020-10-30,D,Emami Paper Mills Ord Shs,65.65,71.0,65.15,65.65,10183,1
2020-11-02,D,Emami Paper Mills Ord Shs,65.05,67.0,64.0,64.3,3887,0
2020-11-03,D,Emami Paper Mills Ord Shs,65.45,65.45,63.25,63.65,4910,0
2020-11-04,D,Emami Paper Mills Ord Shs,63.0,64.4,63.0,63.4,1447,0
2020-11-05,D,Emami Paper Mills Ord Shs,64.4,66.0,63.6,64.0,5769,0
2020-11-06,D,Emami Paper Mills Ord Shs,67.0,67.0,62.75,63.5,4911,0
2020-11-09,D,Emami Paper Mills Ord Shs,67.3,67.3,63.25,64.05,1421,0
2020-11-10,D,Emami Paper Mills Ord Shs,66.0,66.0,63.4,64.3,6817,0
2020-11-11,D,Emami Paper Mills Ord Shs,65.35,65.4,63.05,64.1,2572,0
2020-11-12,D,Emami Paper Mills Ord Shs,63.15,66.5,63.15,65.2,9968,0
2020-11-13,D,Emami Paper Mills Ord Shs,65.2,65.45,63.75,64.2,1126,0
2020-11-14,D,Emami Paper Mills Ord Shs,64.4,68.0,64.2,65.75,1627,0
2020-11-17,D,Emami Paper Mills Ord Shs,65.8,68.8,64.15,66.45,5614,0
2020-11-18,D,Emami Paper Mills Ord Shs,67.3,69.6,65.95,68.95,7585,0
2020-11-19,D,Emami Paper Mills Ord Shs,69.0,79.0,68.5,78.1,126772,0
2020-11-20,D,Emami Paper Mills Ord Shs,79.95,82.0,75.6,76.65,70205,0
2020-11-23,D,Emami Paper Mills Ord Shs,79.5,79.5,73.25,75.3,15193,0
2020-11-24,D,Emami Paper Mills Ord Shs,74.05,76.45,73.3,74.1,8093,0
2020-11-25,D,Emami Paper Mills Ord Shs,75.5,75.5,73.95,74.05,8197,0
2020-11-26,D,Emami Paper Mills Ord Shs,74.05,75.7,73.1,73.95,3736,0
2020-11-27,D,Emami Paper Mills Ord Shs,75.4,78.65,73.65,77.15,43494,0
2020-12-01,D,Emami Paper Mills Ord Shs,77.8,79.65,75.3,76.35,9952,0
2020-12-02,D,Emami Paper Mills Ord Shs,78.85,78.85,75.0,75.25,13231,0
2020-12-03,D,Emami Paper Mills Ord Shs,75.25,80.5,75.25,78.5,44473,0
2020-12-04,D,Emami Paper Mills Ord Shs,77.1,81.0,77.1,79.05,22716,0
2020-12-07,D,Emami Paper Mills Ord Shs,80.75,84.0,78.5,83.05,51801,0
2020-12-08,D,Emami Paper Mills Ord Shs,83.6,90.95,80.3,89.3,59617,0
2020-12-09,D,Emami Paper Mills Ord Shs,92.9,93.0,85.15,86.0,34898,0
2020-12-10,D,Emami Paper Mills Ord Shs,88.3,88.3,82.2,85.35,12807,0
2020-12-11,D,Emami Paper Mills Ord Shs,85.55,85.55,78.2,80.85,23517,0
2020-12-14,D,Emami Paper Mills Ord Shs,83.45,97.0,81.15,87.7,31167,0
2020-12-15,D,Emami Paper Mills Ord Shs,90.0,90.0,85.4,88.35,11579,0
2020-12-16,D,Emami Paper Mills Ord Shs,88.35,89.1,81.0,86.25,17949,0
2020-12-17,D,Emami Paper Mills Ord Shs,85.25,103.5,85.2,100.1,161780,0
2020-12-18,D,Emami Paper Mills Ord Shs,104.0,105.95,97.0,99.65,132265,0
2020-12-21,D,Emami Paper Mills Ord Shs,105.5,116.5,100.0,102.35,343876,0
2020-12-22,D,Emami Paper Mills Ord Shs,104.35,115.0,102.1,110.85,90014,0
2020-12-23,D,Emami Paper Mills Ord Shs,112.75,112.75,107.15,109.55,51105,0
2020-12-24,D,Emami Paper Mills Ord Shs,111.45,111.45,102.0,104.15,33823,0
2020-12-28,D,Emami Paper Mills Ord Shs,104.9,109.9,104.2,107.1,29823,0
2020-12-29,D,Emami Paper Mills Ord Shs,106.0,109.4,105.2,105.55,17308,0
2020-12-30,D,Emami Paper Mills Ord Shs,107.9,107.9,103.15,105.25,7118,0
2020-12-31,D,Emami Paper Mills Ord Shs,104.0,106.5,103.5,105.05,11677,0
2021-01-01,D,Emami Paper Mills Ord Shs,109.4,109.4,103.0,107.5,24368,0
2021-01-04,D,Emami Paper Mills Ord Shs,105.3,111.0,105.3,108.05,48715,0
2021-01-05,D,Emami Paper Mills Ord Shs,106.6,109.5,105.55,107.05,21802,0
2021-01-06,D,Emami Paper Mills Ord Shs,105.35,108.9,104.0,105.1,27883,0
2021-01-07,D,Emami Paper Mills Ord Shs,107.9,107.9,103.05,105.1,21709,0
2021-01-08,D,Emami Paper Mills Ord Shs,105.6,106.0,101.0,103.15,19671,0
2021-01-11,D,Emami Paper Mills Ord Shs,104.5,104.65,100.95,102.35,16705,0
2021-01-12,D,Emami Paper Mills Ord Shs,103.0,106.9,100.4,102.45,10009,0
2021-01-13,D,Emami Paper Mills Ord Shs,104.9,104.9,101.0,101.8,7971,0
2021-01-14,D,Emami Paper Mills Ord Shs,102.05,102.05,100.15,100.45,9073,0
2021-01-15,D,Emami Paper Mills Ord Shs,102.55,102.55,96.85,98.15,11411,0
2021-01-18,D,Emami Paper Mills Ord Shs,102.0,102.0,93.8,95.75,8037,0
2021-01-19,D,Emami Paper Mills Ord Shs,93.4,100.0,93.0,96.1,16190,0
2021-01-20,D,Emami Paper Mills Ord Shs,98.45,111.0,97.15,106.2,242901,0
2021-01-21,D,Emami Paper Mills Ord Shs,107.95,109.75,102.0,102.6,25304,0
2021-01-22,D,Emami Paper Mills Ord Shs,102.6,104.4,98.15,100.0,11715,0
2021-01-25,D,Emami Paper Mills Ord Shs,99.95,101.95,98.0,98.45,5775,0
2021-01-27,D,Emami Paper Mills Ord Shs,99.95,99.95,94.45,95.3,7927,0
2021-01-28,D,Emami Paper Mills Ord Shs,95.35,99.7,94.2,95.3,7114,0
2021-01-29,D,Emami Paper Mills Ord Shs,95.3,99.35,93.9,95.05,7054,0
2021-02-01,D,Emami Paper Mills Ord Shs,95.3,98.95,94.25,96.75,8960,0
2021-02-02,D,Emami Paper Mills Ord Shs,97.45,99.8,96.1,97.8,3685,0
2021-02-03,D,Emami Paper Mills Ord Shs,98.05,101.65,96.2,97.4,6506,0
2021-02-04,D,Emami Paper Mills Ord Shs,98.55,98.65,95.75,97.5,3684,0
2021-02-05,D,Emami Paper Mills Ord Shs,97.95,99.55,96.55,97.9,5624,0
2021-02-08,D,Emami Paper Mills Ord Shs,103.0,103.0,97.0,98.15,16788,0
2021-02-09,D,Emami Paper Mills Ord Shs,97.6,98.4,94.95,95.55,17308,0
2021-02-10,D,Emami Paper Mills Ord Shs,95.2,100.5,94.65,97.45,59305,0
2021-02-11,D,Emami Paper Mills Ord Shs,96.05,98.5,94.8,96.2,28571,0
2021-02-12,D,Emami Paper Mills Ord Shs,97.0,98.7,94.0,95.05,10401,0
2021-02-15,D,Emami Paper Mills Ord Shs,96.1,98.4,91.4,96.9,20065,0
2021-02-16,D,Emami Paper Mills Ord Shs,96.35,97.9,93.95,96.9,11903,0
2021-02-17,D,Emami Paper Mills Ord Shs,96.0,97.5,94.1,95.05,11562,0
2021-02-18,D,Emami Paper Mills Ord Shs,98.7,98.7,96.05,97.65,7499,0
2021-02-19,D,Emami Paper Mills Ord Shs,97.65,99.4,95.1,96.5,11607,0
2021-02-22,D,Emami Paper Mills Ord Shs,98.9,98.9,92.3,92.9,8595,0
2021-02-23,D,Emami Paper Mills Ord Shs,95.0,95.15,91.8,93.95,6921,0
2021-02-24,D,Emami Paper Mills Ord Shs,91.9,99.4,91.9,97.45,16303,0
2021-02-25,D,Emami Paper Mills Ord Shs,99.2,99.2,95.0,95.55,19090,0
2021-02-26,D,Emami Paper Mills Ord Shs,96.05,96.05,93.05,93.9,6206,0
2021-03-01,D,Emami Paper Mills Ord Shs,95.9,96.45,93.85,94.25,11330,0
2021-03-02,D,Emami Paper Mills Ord Shs,95.15,104.0,94.6,100.6,57389,0
2021-03-03,D,Emami Paper Mills Ord Shs,103.0,103.9,99.25,100.7,38058,0
2021-03-04,D,Emami Paper Mills Ord Shs,99.0,103.0,98.5,100.6,13766,0
2021-03-05,D,Emami Paper Mills Ord Shs,103.9,103.9,98.0,99.3,10031,0
2021-03-08,D,Emami Paper Mills Ord Shs,100.15,101.4,96.0,97.25,8532,0
2021-03-09,D,Emami Paper Mills Ord Shs,98.65,99.0,91.2,94.4,11984,0
2021-03-10,D,Emami Paper Mills Ord Shs,95.15,103.95,94.4,99.25,29709,0
2021-03-12,D,Emami Paper Mills Ord Shs,103.75,103.75,97.15,97.4,15871,0
2021-03-15,D,Emami Paper Mills Ord Shs,97.4,98.45,94.55,97.35,6842,0
2021-03-16,D,Emami Paper Mills Ord Shs,100.1,116.8,100.1,116.8,442968,0
2021-03-17,D,Emami Paper Mills Ord Shs,122.0,140.15,118.25,140.15,2110285,0
2021-03-18,D,Emami Paper Mills Ord Shs,145.0,154.15,141.1,153.4,2146697,0
2021-03-19,D,Emami Paper Mills Ord Shs,151.8,151.8,138.1,138.1,348082,0
2021-03-22,D,Emami Paper Mills Ord Shs,130.0,135.0,124.3,127.75,373624,0
2021-03-23,D,Emami Paper Mills Ord Shs,130.0,140.5,128.3,140.5,313293,0
2021-03-24,D,Emami Paper Mills Ord Shs,144.0,147.9,131.2,134.95,236353,0
2021-03-25,D,Emami Paper Mills Ord Shs,135.1,137.8,123.1,128.85,99019,0
2021-03-26,D,Emami Paper Mills Ord Shs,132.0,136.7,125.95,127.25,67509,0
2021-03-30,D,Emami Paper Mills Ord Shs,127.25,137.0,125.05,126.6,34811,0
2021-03-31,D,Emami Paper Mills Ord Shs,130.0,130.05,123.05,123.9,36662,0
2021-04-01,D,Emami Paper Mills Ord Shs,127.2,127.8,122.2,125.7,38156,0
2021-04-05,D,Emami Paper Mills Ord Shs,123.0,125.6,115.0,118.2,38359,0
2021-04-06,D,Emami Paper Mills Ord Shs,122.9,126.95,111.2,115.65,42368,0
2021-04-07,D,Emami Paper Mills Ord Shs,117.5,117.5,113.6,114.5,35748,0
2021-04-08,D,Emami Paper Mills Ord Shs,115.65,116.9,110.8,111.25,65440,0
2021-04-09,D,Emami Paper Mills Ord Shs,112.45,112.45,107.75,110.65,50172,0
2021-04-12,D,Emami Paper Mills Ord Shs,110.65,111.35,98.05,99.85,53666,0
2021-04-13,D,Emami Paper Mills Ord Shs,99.05,119.8,99.05,119.8,232281,0
2021-04-15,D,Emami Paper Mills Ord Shs,132.0,141.95,128.0,135.05,979283,0
2021-04-16,D,Emami Paper Mills Ord Shs,129.95,129.95,123.6,127.15,139725,0
2021-04-19,D,Emami Paper Mills Ord Shs,125.0,138.0,117.85,132.35,106759,0
2021-04-20,D,Emami Paper Mills Ord Shs,131.95,140.0,125.75,128.7,96561,0
2021-04-22,D,Emami Paper Mills Ord Shs,128.0,131.15,124.2,126.85,40974,0
2021-04-23,D,Emami Paper Mills Ord Shs,126.0,127.7,120.1,121.7,41715,0
2021-04-26,D,Emami Paper Mills Ord Shs,122.55,126.0,115.7,118.25,52951,0
2021-04-27,D,Emami Paper Mills Ord Shs,118.4,124.15,117.05,120.75,30091,0
2021-04-28,D,Emami Paper Mills Ord Shs,120.2,126.8,119.5,122.65,51751,0
2021-04-29,D,Emami Paper Mills Ord Shs,126.95,126.95,120.3,122.6,26430,0
2021-04-30,D,Emami Paper Mills Ord Shs,120.3,122.9,117.2,118.0,26437,0
2021-05-03,D,Emami Paper Mills Ord Shs,116.0,122.45,116.0,119.75,16182,0
2021-05-04,D,Emami Paper Mills Ord Shs,119.75,136.8,119.35,126.3,214595,0
2021-05-05,D,Emami Paper Mills Ord Shs,127.05,131.0,125.25,126.6,63302,0
2021-05-06,D,Emami Paper Mills Ord Shs,128.95,129.9,121.8,125.25,20103,0
2021-05-07,D,Emami Paper Mills Ord Shs,128.0,134.15,123.75,125.6,72169,0
2021-05-10,D,Emami Paper Mills Ord Shs,125.6,130.0,123.7,126.4,42775,0
2021-05-11,D,Emami Paper Mills Ord Shs,126.95,129.6,123.0,125.8,19540,0
2021-05-12,D,Emami Paper Mills Ord Shs,128.0,128.0,121.05,123.05,16186,0
2021-05-14,D,Emami Paper Mills Ord Shs,128.35,129.0,121.3,122.9,20155,0
2021-05-17,D,Emami Paper Mills Ord Shs,125.9,126.5,122.15,123.55,31478,0
2021-05-18,D,Emami Paper Mills Ord Shs,123.55,125.65,122.3,122.9,19942,0
2021-05-19,D,Emami Paper Mills Ord Shs,120.1,125.75,120.1,121.7,17707,0
2021-05-20,D,Emami Paper Mills Ord Shs,121.7,132.95,121.7,126.5,95005,0
2021-05-21,D,Emami Paper Mills Ord Shs,129.0,130.05,124.15,125.35,29749,0
2021-05-24,D,Emami Paper Mills Ord Shs,128.7,128.7,123.2,124.2,21739,0
2021-05-25,D,Emami Paper Mills Ord Shs,128.4,129.75,123.35,123.75,41209,0
2021-05-26,D,Emami Paper Mills Ord Shs,124.1,127.55,123.55,124.6,33585,0
2021-05-27,D,Emami Paper Mills Ord Shs,124.9,132.95,124.9,129.05,273660,0
2021-05-28,D,Emami Paper Mills Ord Shs,131.2,131.45,124.75,125.85,50077,0
2021-05-31,D,Emami Paper Mills Ord Shs,127.8,131.2,124.6,128.35,50451,0
2021-06-01,D,Emami Paper Mills Ord Shs,129.05,130.95,125.2,127.05,59807,0
2021-06-02,D,Emami Paper Mills Ord Shs,144.95,152.45,141.05,152.45,320818,0
2021-06-03,D,Emami Paper Mills Ord Shs,164.0,181.0,162.0,171.3,1666098,0
2021-06-04,D,Emami Paper Mills Ord Shs,168.95,169.0,159.25,160.75,327548,0
2021-06-07,D,Emami Paper Mills Ord Shs,160.85,162.45,154.0,155.5,143434,0
2021-06-08,D,Emami Paper Mills Ord Shs,155.0,155.9,150.1,151.2,64862,0
2021-06-09,D,Emami Paper Mills Ord Shs,146.0,160.0,146.0,153.15,165543,0
2021-06-10,D,Emami Paper Mills Ord Shs,155.0,156.85,149.05,153.8,45878,0
2021-06-11,D,Emami Paper Mills Ord Shs,154.8,156.0,150.2,150.8,34281,0
2021-06-14,D,Emami Paper Mills Ord Shs,153.85,153.85,146.6,148.0,35800,0
2021-06-15,D,Emami Paper Mills Ord Shs,150.0,159.95,149.6,157.05,183893,0
2021-06-16,D,Emami Paper Mills Ord Shs,158.0,159.35,154.5,155.2,49961,0
2021-06-17,D,Emami Paper Mills Ord Shs,154.05,156.7,150.5,151.0,28866,0
2021-06-18,D,Emami Paper Mills Ord Shs,151.85,153.75,144.3,147.15,41119,0
2021-06-21,D,Emami Paper Mills Ord Shs,143.5,154.4,143.5,151.4,52602,0
2021-06-22,D,Emami Paper Mills Ord Shs,155.0,167.7,148.4,158.95,358810,0
2021-06-23,D,Emami Paper Mills Ord Shs,161.9,165.8,152.35,153.65,175515,0
2021-06-24,D,Emami Paper Mills Ord Shs,154.95,156.85,152.0,154.7,41080,0
2021-06-25,D,Emami Paper Mills Ord Shs,154.7,157.05,150.35,154.8,31636,0
2021-06-28,D,Emami Paper Mills Ord Shs,156.9,156.9,152.45,153.3,12215,0
2021-06-29,D,Emami Paper Mills Ord Shs,154.95,156.95,151.85,153.6,15897,0
2021-06-30,D,Emami Paper Mills Ord Shs,153.6,160.0,150.65,158.7,103822,0
2021-07-01,D,Emami Paper Mills Ord Shs,160.0,163.0,154.05,155.4,107761,0
2021-07-02,D,Emami Paper Mills Ord Shs,160.85,160.85,146.1,154.15,51090,0
2021-07-05,D,Emami Paper Mills Ord Shs,159.0,164.9,156.9,163.25,227990,0
2021-07-06,D,Emami Paper Mills Ord Shs,164.05,164.4,157.0,157.85,62255,0
2021-07-07,D,Emami Paper Mills Ord Shs,164.5,189.4,164.0,189.4,1198734,0
2021-07-08,D,Emami Paper Mills Ord Shs,196.4,214.8,195.3,199.7,2295183,0
2021-07-09,D,Emami Paper Mills Ord Shs,197.7,203.9,192.85,194.35,286126,0
2021-07-12,D,Emami Paper Mills Ord Shs,195.0,196.2,186.35,187.25,111997,0
2021-07-13,D,Emami Paper Mills Ord Shs,187.9,189.65,178.0,179.1,255524,0
2021-07-14,D,Emami Paper Mills Ord Shs,180.8,184.0,178.1,179.65,139483,0
2021-07-15,D,Emami Paper Mills Ord Shs,180.05,180.25,169.2,169.7,195632,0
2021-07-16,D,Emami Paper Mills Ord Shs,173.95,174.4,169.0,169.8,102168,0
2021-07-19,D,Emami Paper Mills Ord Shs,169.0,170.75,160.0,164.75,136725,0
2021-07-20,D,Emami Paper Mills Ord Shs,166.0,166.0,158.4,159.35,117061,0
2021-07-22,D,Emami Paper Mills Ord Shs,161.9,175.5,159.15,164.2,366235,0
2021-07-23,D,Emami Paper Mills Ord Shs,166.0,166.0,159.4,160.15,144245,0
2021-07-26,D,Emami Paper Mills Ord Shs,160.0,162.75,157.05,159.5,80771,0
2021-07-27,D,Emami Paper Mills Ord Shs,162.1,163.95,159.0,159.95,132616,0
2021-07-28,D,Emami Paper Mills Ord Shs,161.95,173.2,159.2,169.0,537500,0
2021-07-29,D,Emami Paper Mills Ord Shs,174.4,186.0,171.0,173.7,1036633,0
2021-07-30,D,Emami Paper Mills Ord Shs,178.7,187.4,174.95,184.45,577972,0
2021-08-02,D,Emami Paper Mills Ord Shs,185.9,199.85,185.7,195.9,607038,0
2021-08-03,D,Emami Paper Mills Ord Shs,197.2,214.5,191.05,205.15,940571,0
2021-08-04,D,Emami Paper Mills Ord Shs,207.4,211.6,190.3,193.3,362193,0
2021-08-05,D,Emami Paper Mills Ord Shs,191.2,203.95,179.25,195.8,386778,0
2021-08-06,D,Emami Paper Mills Ord Shs,195.0,208.95,186.4,198.1,990306,0
2021-08-09,D,Emami Paper Mills Ord Shs,198.4,198.4,188.15,193.85,250005,0
2021-08-10,D,Emami Paper Mills Ord Shs,188.55,191.9,176.3,178.4,190799,0
2021-08-11,D,Emami Paper Mills Ord Shs,178.45,179.8,168.0,170.05,201171,0
2021-08-12,D,Emami Paper Mills Ord Shs,170.1,178.8,170.1,174.4,279890,0
2021-08-13,D,Emami Paper Mills Ord Shs,177.55,209.25,175.25,194.6,2323017,0
2021-08-16,D,Emami Paper Mills Ord Shs,196.7,205.0,192.2,193.35,276822,0
2021-08-17,D,Emami Paper Mills Ord Shs,194.35,194.35,183.0,183.7,189523,0
2021-08-18,D,Emami Paper Mills Ord Shs,185.75,190.0,181.15,182.3,130108,0
2021-08-20,D,Emami Paper Mills Ord Shs,182.8,182.8,176.0,177.6,82505,0
2021-08-23,D,Emami Paper Mills Ord Shs,179.25,179.95,168.0,169.05,96335,0
2021-08-24,D,Emami Paper Mills Ord Shs,170.4,182.0,169.0,174.7,144092,0
2021-08-25,D,Emami Paper Mills Ord Shs,176.35,178.95,172.15,174.15,213195,0
2021-08-26,D,Emami Paper Mills Ord Shs,174.8,177.55,171.0,172.55,89332,0
2021-08-27,D,Emami Paper Mills Ord Shs,172.7,174.5,169.0,169.75,149175,0
2021-08-30,D,Emami Paper Mills Ord Shs,172.0,177.0,170.1,174.1,179042,0
2021-08-31,D,Emami Paper Mills Ord Shs,175.7,177.05,172.0,172.4,71615,0
2021-09-01,D,Emami Paper Mills Ord Shs,173.9,176.4,171.1,171.85,91032,0
2021-09-02,D,Emami Paper Mills Ord Shs,173.35,175.55,171.35,172.3,85694,0
2021-09-03,D,Emami Paper Mills Ord Shs,173.9,173.9,171.0,171.75,57934,0
2021-09-06,D,Emami Paper Mills Ord Shs,170.15,173.7,169.5,169.95,69970,0
2021-09-07,D,Emami Paper Mills Ord Shs,171.2,173.4,169.0,169.25,54249,0
2021-09-08,D,Emami Paper Mills Ord Shs,169.05,174.5,164.3,168.9,222362,0
2021-09-09,D,Emami Paper Mills Ord Shs,170.3,170.35,164.6,166.9,138772,0
2021-09-13,D,Emami Paper Mills Ord Shs,167.7,169.2,165.0,166.3,71264,0
2021-09-14,D,Emami Paper Mills Ord Shs,167.0,168.7,165.25,165.75,76369,0
2021-09-15,D,Emami Paper Mills Ord Shs,166.05,166.95,165.45,165.9,63241,0
2021-09-16,D,Emami Paper Mills Ord Shs,165.9,167.85,165.15,165.5,62825,0
2021-09-17,D,Emami Paper Mills Ord Shs,165.1,167.0,162.5,163.4,72610,0
2021-09-20,D,Emami Paper Mills Ord Shs,163.0,163.4,160.1,160.9,147241,0
2021-09-21,D,Emami Paper Mills Ord Shs,162.9,163.0,158.0,159.9,41160,0
2021-09-22,D,Emami Paper Mills Ord Shs,162.85,162.85,159.5,160.05,54334,0
2021-09-23,D,Emami Paper Mills Ord Shs,162.8,164.75,160.0,160.7,69705,0
2021-09-24,D,Emami Paper Mills Ord Shs,162.0,162.5,158.1,159.0,50049,0
2021-09-27,D,Emami Paper Mills Ord Shs,160.0,169.0,157.25,164.9,282762,0
2021-09-28,D,Emami Paper Mills Ord Shs,166.5,171.0,163.0,164.5,113835,0
2021-09-29,D,Emami Paper Mills Ord Shs,163.9,169.75,161.75,167.75,86434,0
2021-09-30,D,Emami Paper Mills Ord Shs,173.5,177.6,167.0,168.15,298991,0
2021-10-01,D,Emami Paper Mills Ord Shs,168.5,170.15,166.75,168.45,94120,0
2021-10-04,D,Emami Paper Mills Ord Shs,167.25,171.45,167.25,168.45,77393,0
2021-10-05,D,Emami Paper Mills Ord Shs,168.0,176.9,151.2,171.75,262339,0
2021-10-06,D,Emami Paper Mills Ord Shs,173.6,179.75,167.5,168.6,185238,0
2021-10-07,D,Emami Paper Mills Ord Shs,171.1,172.95,167.45,169.05,57663,0
2021-10-08,D,Emami Paper Mills Ord Shs,170.65,172.4,168.0,168.8,55873,0
2021-10-11,D,Emami Paper Mills Ord Shs,169.55,170.95,167.0,167.25,57845,0
2021-10-12,D,Emami Paper Mills Ord Shs,168.4,171.6,166.2,169.55,113617,0
2021-10-13,D,Emami Paper Mills Ord Shs,168.0,171.4,168.0,168.7,80608,0
2021-10-14,D,Emami Paper Mills Ord Shs,170.0,170.0,166.0,166.9,94431,0
2021-10-18,D,Emami Paper Mills Ord Shs,169.9,169.9,164.0,164.7,94798,0
2021-10-19,D,Emami Paper Mills Ord Shs,164.65,165.0,160.45,161.95,88936,0
2021-10-20,D,Emami Paper Mills Ord Shs,163.4,163.4,157.0,158.25,76197,0
2021-10-21,D,Emami Paper Mills Ord Shs,161.5,161.5,153.45,156.85,70958,0
2021-10-22,D,Emami Paper Mills Ord Shs,157.0,159.65,152.5,154.1,111916,0
2021-10-25,D,Emami Paper Mills Ord Shs,155.05,157.05,150.0,151.1,66454,0
2021-10-26,D,Emami Paper Mills Ord Shs,153.4,159.0,151.25,156.9,112055,0
2021-10-27,D,Emami Paper Mills Ord Shs,157.0,161.0,156.1,159.15,62445,0
2021-10-28,D,Emami Paper Mills Ord Shs,159.75,162.9,156.0,157.85,216826,0
2021-10-29,D,Emami Paper Mills Ord Shs,158.25,158.3,149.0,151.3,82511,0
2021-11-01,D,Emami Paper Mills Ord Shs,155.8,155.8,151.5,152.05,35453,0
2021-11-02,D,Emami Paper Mills Ord Shs,152.2,154.55,150.0,151.9,25299,0
2021-11-03,D,Emami Paper Mills Ord Shs,152.1,153.65,150.35,150.95,48870,0
2021-11-04,D,Emami Paper Mills Ord Shs,150.05,153.2,150.05,152.0,5978,0
2021-11-08,D,Emami Paper Mills Ord Shs,152.3,154.45,152.3,153.6,21520,0
2021-11-09,D,Emami Paper Mills Ord Shs,153.1,156.0,152.85,154.65,39543,0
2021-11-10,D,Emami Paper Mills Ord Shs,156.0,156.55,153.15,154.15,21432,0
2021-11-11,D,Emami Paper Mills Ord Shs,154.15,159.75,153.6,159.1,89150,0
2021-11-12,D,Emami Paper Mills Ord Shs,161.0,161.0,153.7,154.5,36928,0
2021-11-15,D,Emami Paper Mills Ord Shs,154.55,158.4,152.45,154.15,22161,0
2021-11-16,D,Emami Paper Mills Ord Shs,152.5,154.15,152.0,152.15,25644,0
2021-11-17,D,Emami Paper Mills Ord Shs,152.2,155.7,152.2,154.1,31300,0
2021-11-18,D,Emami Paper Mills Ord Shs,152.5,154.5,144.25,148.75,47676,0
2021-11-22,D,Emami Paper Mills Ord Shs,151.95,151.95,140.0,142.1,36717,0
2021-11-23,D,Emami Paper Mills Ord Shs,145.0,145.0,138.95,143.05,21131,0
2021-11-24,D,Emami Paper Mills Ord Shs,145.8,147.75,142.5,144.05,27293,0
2021-11-25,D,Emami Paper Mills Ord Shs,146.3,146.5,143.2,145.3,14261,0
2021-11-26,D,Emami Paper Mills Ord Shs,145.0,145.7,140.05,140.4,15617,0
2021-11-29,D,Emami Paper Mills Ord Shs,138.0,138.85,129.1,130.9,50762,0
2021-11-30,D,Emami Paper Mills Ord Shs,130.85,134.85,126.4,131.5,24765,0
2021-12-01,D,Emami Paper Mills Ord Shs,132.5,138.7,132.25,137.1,40785,0
2021-12-02,D,Emami Paper Mills Ord Shs,144.95,144.95,138.7,139.85,22963,0
2021-12-03,D,Emami Paper Mills Ord Shs,142.65,142.65,137.0,137.3,14153,0
2021-12-06,D,Emami Paper Mills Ord Shs,136.25,164.4,134.15,143.85,95718,0
2021-12-07,D,Emami Paper Mills Ord Shs,149.75,155.0,136.8,145.1,44718,0
2021-12-08,D,Emami Paper Mills Ord Shs,148.85,148.85,142.5,145.1,30244,0
2021-12-09,D,Emami Paper Mills Ord Shs,147.5,147.5,143.15,144.75,15374,0
2021-12-10,D,Emami Paper Mills Ord Shs,147.9,147.9,140.0,143.05,25522,0
2021-12-13,D,Emami Paper Mills Ord Shs,143.15,145.4,136.35,138.3,53962,0
2021-12-14,D,Emami Paper Mills Ord Shs,137.7,140.8,136.5,138.95,17755,0
2021-12-15,D,Emami Paper Mills Ord Shs,140.0,141.25,138.15,139.2,12457,0
2021-12-16,D,Emami Paper Mills Ord Shs,139.6,139.6,133.8,138.0,9560,0
2021-12-17,D,Emami Paper Mills Ord Shs,139.0,139.0,135.0,135.2,13312,0
2021-12-20,D,Emami Paper Mills Ord Shs,134.0,140.0,129.55,132.6,326226,0
2021-12-21,D,Emami Paper Mills Ord Shs,133.9,137.2,131.0,132.7,12708,0
2021-12-22,D,Emami Paper Mills Ord Shs,135.4,138.0,131.65,132.7,18410,0
2021-12-23,D,Emami Paper Mills Ord Shs,132.7,135.45,132.3,133.3,8513,0
2021-12-24,D,Emami Paper Mills Ord Shs,135.9,135.9,132.05,133.7,16526,0
2021-12-27,D,Emami Paper Mills Ord Shs,132.5,134.25,132.2,132.7,7643,0
2021-12-28,D,Emami Paper Mills Ord Shs,132.6,143.0,132.6,139.45,115195,0
2021-12-29,D,Emami Paper Mills Ord Shs,139.45,140.3,136.2,137.45,17370,0
2021-12-30,D,Emami Paper Mills Ord Shs,136.0,139.4,134.05,135.25,11856,0
2021-12-31,D,Emami Paper Mills Ord Shs,134.0,138.7,134.0,135.25,15279,0
2022-01-03,D,Emami Paper Mills Ord Shs,135.0,138.2,134.55,137.25,17763,0
2022-01-04,D,Emami Paper Mills Ord Shs,137.2,140.8,135.1,137.95,30885,0
2022-01-05,D,Emami Paper Mills Ord Shs,138.95,155.45,137.85,149.25,426722,0
2022-01-06,D,Emami Paper Mills Ord Shs,148.2,148.75,145.0,145.3,48188,0
2022-01-07,D,Emami Paper Mills Ord Shs,146.45,149.95,141.2,143.1,43881,0
2022-01-10,D,Emami Paper Mills Ord Shs,145.0,145.85,142.25,143.2,27497,0
2022-01-11,D,Emami Paper Mills Ord Shs,144.0,171.8,139.05,171.6,1922795,0
2022-01-12,D,Emami Paper Mills Ord Shs,178.0,193.0,166.85,168.95,1740166,0
2022-01-13,D,Emami Paper Mills Ord Shs,172.0,179.0,170.5,172.6,269011,0
2022-01-14,D,Emami Paper Mills Ord Shs,171.8,174.45,170.0,170.5,95224,0
2022-01-17,D,Emami Paper Mills Ord Shs,171.0,175.45,170.0,170.75,136821,0
2022-01-18,D,Emami Paper Mills Ord Shs,173.0,173.0,162.0,164.95,98584,0
2022-01-19,D,Emami Paper Mills Ord Shs,162.0,166.0,161.05,163.05,52437,0
2022-01-20,D,Emami Paper Mills Ord Shs,161.2,166.95,160.0,160.95,60116,0
2022-01-21,D,Emami Paper Mills Ord Shs,158.0,161.25,155.0,155.95,72712,0
2022-01-24,D,Emami Paper Mills Ord Shs,154.0,156.95,147.55,148.95,55622,0
2022-01-25,D,Emami Paper Mills Ord Shs,148.0,155.7,146.55,150.3,42620,0
2022-01-27,D,Emami Paper Mills Ord Shs,147.1,153.2,147.1,150.5,23294,0
2022-01-28,D,Emami Paper Mills Ord Shs,154.3,155.95,150.3,152.1,34417,0
2022-01-31,D,Emami Paper Mills Ord Shs,153.2,179.0,153.2,169.6,533599,0
2022-02-01,D,Emami Paper Mills Ord Shs,169.9,169.9,161.35,162.1,118969,0
2022-02-02,D,Emami Paper Mills Ord Shs,164.8,171.0,162.15,165.1,90746,0
2022-02-03,D,Emami Paper Mills Ord Shs,166.5,166.5,162.0,162.7,30995,0
2022-02-04,D,Emami Paper Mills Ord Shs,161.3,164.55,160.2,161.15,25557,0
2022-02-07,D,Emami Paper Mills Ord Shs,162.0,162.0,152.4,154.6,41238,0
2022-02-08,D,Emami Paper Mills Ord Shs,158.0,159.5,152.45,157.2,63787,0
2022-02-09,D,Emami Paper Mills Ord Shs,156.0,164.5,151.2,156.25,60419,0
2022-02-10,D,Emami Paper Mills Ord Shs,156.0,158.9,155.0,155.6,27786,0
2022-02-11,D,Emami Paper Mills Ord Shs,152.5,155.0,150.7,153.25,24593,0
2022-02-14,D,Emami Paper Mills Ord Shs,144.5,152.45,144.5,145.1,40080,0
2022-02-15,D,Emami Paper Mills Ord Shs,149.6,150.85,143.15,144.95,53296,0
2022-02-16,D,Emami Paper Mills Ord Shs,145.0,147.95,142.25,143.1,112135,0
2022-02-17,D,Emami Paper Mills Ord Shs,144.95,152.7,144.0,146.45,106632,0
2022-02-18,D,Emami Paper Mills Ord Shs,146.0,148.75,144.0,144.7,18969,0
2022-02-21,D,Emami Paper Mills Ord Shs,142.0,144.0,136.2,138.1,35403,0
2022-02-22,D,Emami Paper Mills Ord Shs,137.95,137.95,132.2,133.7,35695,0
2022-02-23,D,Emami Paper Mills Ord Shs,135.0,138.9,134.5,135.1,50955,0
2022-02-24,D,Emami Paper Mills Ord Shs,125.1,129.0,117.0,119.2,123188,0
2022-02-25,D,Emami Paper Mills Ord Shs,124.95,141.9,121.75,129.25,141319,0
2022-02-28,D,Emami Paper Mills Ord Shs,129.2,132.2,125.85,130.85,41062,0
2022-03-02,D,Emami Paper Mills Ord Shs,130.85,135.25,128.1,131.5,36664,0
2022-03-03,D,Emami Paper Mills Ord Shs,134.0,135.65,131.6,132.0,35073,0
2022-03-04,D,Emami Paper Mills Ord Shs,131.25,139.95,128.8,131.35,72130,0
2022-03-07,D,Emami Paper Mills Ord Shs,131.35,131.9,128.2,129.6,28403,0
2022-03-08,D,Emami Paper Mills Ord Shs,129.1,132.5,129.0,131.2,23846,0
2022-03-09,D,Emami Paper Mills Ord Shs,132.9,135.95,131.65,134.35,32399,0
2022-03-10,D,Emami Paper Mills Ord Shs,135.6,139.6,135.5,136.8,32908,0
2022-03-11,D,Emami Paper Mills Ord Shs,135.0,150.0,134.5,146.6,187099,0
2022-03-14,D,Emami Paper Mills Ord Shs,146.7,172.9,146.45,164.75,1070096,0
2022-03-15,D,Emami Paper Mills Ord Shs,166.7,171.9,155.15,160.6,381892,0
2022-03-16,D,Emami Paper Mills Ord Shs,168.0,175.95,161.7,169.75,671182,0
2022-03-17,D,Emami Paper Mills Ord Shs,171.1,173.0,162.6,163.85,197141,0
2022-03-21,D,Emami Paper Mills Ord Shs,165.15,170.0,162.7,166.45,158437,0
2022-03-22,D,Emami Paper Mills Ord Shs,166.9,168.95,163.85,165.3,65096,0
2022-03-23,D,Emami Paper Mills Ord Shs,168.0,171.5,163.35,164.7,119058,0
2022-03-24,D,Emami Paper Mills Ord Shs,163.0,167.9,163.0,164.1,33891,0
2022-03-25,D,Emami Paper Mills Ord Shs,164.1,171.0,163.05,167.5,138936,0
2022-03-28,D,Emami Paper Mills Ord Shs,169.0,178.05,163.5,171.2,355715,0
2022-03-29,D,Emami Paper Mills Ord Shs,173.1,176.0,165.65,166.9,144572,0
2022-03-30,D,Emami Paper Mills Ord Shs,168.9,168.9,164.1,165.0,58083,0
2022-03-31,D,Emami Paper Mills Ord Shs,166.3,168.65,163.0,163.75,75835,0
2022-04-01,D,Emami Paper Mills Ord Shs,163.0,171.4,158.9,167.55,179646,0
2022-04-04,D,Emami Paper Mills Ord Shs,168.9,176.9,168.6,170.0,147723,0
2022-04-05,D,Emami Paper Mills Ord Shs,171.4,173.5,162.0,171.1,97758,0
2022-04-06,D,Emami Paper Mills Ord Shs,170.45,179.55,169.05,175.45,292485,0
2022-04-07,D,Emami Paper Mills Ord Shs,175.45,178.55,168.0,168.85,151245,0
2022-04-08,D,Emami Paper Mills Ord Shs,170.6,174.7,169.5,172.45,78279,0
2022-04-11,D,Emami Paper Mills Ord Shs,175.85,175.9,172.6,173.15,80836,0
2022-04-12,D,Emami Paper Mills Ord Shs,172.35,183.9,168.05,175.35,256224,0
2022-04-13,D,Emami Paper Mills Ord Shs,179.2,188.5,177.3,184.75,498650,0
2022-04-18,D,Emami Paper Mills Ord Shs,184.75,197.7,180.75,190.9,636722,0
2022-04-19,D,Emami Paper Mills Ord Shs,192.2,195.45,175.0,180.35,250729,0
2022-04-20,D,Emami Paper Mills Ord Shs,181.75,186.45,177.0,178.45,105014,0
2022-04-21,D,Emami Paper Mills Ord Shs,179.85,183.2,177.65,180.75,63009,0
2022-04-22,D,Emami Paper Mills Ord Shs,180.0,186.0,178.15,181.05,203054,0
2022-04-25,D,Emami Paper Mills Ord Shs,180.0,180.05,170.2,171.55,132983,0
2022-04-26,D,Emami Paper Mills Ord Shs,174.0,178.75,163.0,174.5,97248,0
2022-04-27,D,Emami Paper Mills Ord Shs,179.5,179.5,168.85,171.05,56698,0
2022-04-28,D,Emami Paper Mills Ord Shs,171.15,174.9,171.1,172.05,38023,0
2022-04-29,D,Emami Paper Mills Ord Shs,172.7,175.4,165.2,168.25,38122,0
2022-05-02,D,Emami Paper Mills Ord Shs,165.1,171.8,163.0,169.5,56439,0
2022-05-04,D,Emami Paper Mills Ord Shs,172.05,174.2,160.85,163.25,71879,0
2022-05-05,D,Emami Paper Mills Ord Shs,168.0,168.0,160.4,161.55,29861,0
2022-05-06,D,Emami Paper Mills Ord Shs,159.5,161.75,154.55,158.7,61065,0
2022-05-09,D,Emami Paper Mills Ord Shs,164.0,165.0,155.55,163.45,314692,0
2022-05-10,D,Emami Paper Mills Ord Shs,163.45,166.6,156.4,158.45,31281,0
2022-05-11,D,Emami Paper Mills Ord Shs,159.0,162.8,140.75,148.4,132529,0
2022-05-12,D,Emami Paper Mills Ord Shs,150.0,150.0,140.0,141.65,65334,0
2022-05-13,D,Emami Paper Mills Ord Shs,147.95,149.95,140.2,144.3,58377,0
2022-05-16,D,Emami Paper Mills Ord Shs,145.0,160.0,143.05,154.05,123626,0
2022-05-17,D,Emami Paper Mills Ord Shs,154.05,158.15,152.55,155.55,25029,0
2022-05-18,D,Emami Paper Mills Ord Shs,156.75,167.0,156.15,159.65,147334,0
2022-05-19,D,Emami Paper Mills Ord Shs,157.0,173.0,154.25,168.55,218896,0
2022-05-20,D,Emami Paper Mills Ord Shs,175.0,179.6,168.35,176.65,157753,0
2022-05-23,D,Emami Paper Mills Ord Shs,176.65,178.0,171.4,173.15,57803,0
2022-05-24,D,Emami Paper Mills Ord Shs,174.4,177.0,173.2,175.95,75150,0
2022-05-25,D,Emami Paper Mills Ord Shs,177.7,177.7,155.1,159.15,91243,0
2022-05-26,D,Emami Paper Mills Ord Shs,164.0,165.2,151.2,153.95,88229,0
2022-05-27,D,Emami Paper Mills Ord Shs,156.3,157.8,147.35,147.85,71708,0
2022-05-30,D,Emami Paper Mills Ord Shs,154.45,154.45,147.25,149.85,57243,0
2022-05-31,D,Emami Paper Mills Ord Shs,152.5,152.5,145.05,146.45,63115,0
2022-06-01,D,Emami Paper Mills Ord Shs,147.9,148.7,144.2,145.2,40192,0
2022-06-02,D,Emami Paper Mills Ord Shs,145.0,148.0,142.95,145.8,59253,0
2022-06-03,D,Emami Paper Mills Ord Shs,148.95,149.9,146.25,147.05,30168,0
2022-06-06,D,Emami Paper Mills Ord Shs,148.65,148.65,143.1,147.0,35794,0
2022-06-07,D,Emami Paper Mills Ord Shs,147.0,147.15,142.15,145.45,16781,0
2022-06-08,D,Emami Paper Mills Ord Shs,147.25,149.8,144.4,145.45,31580,0
2022-06-09,D,Emami Paper Mills Ord Shs,146.7,147.55,142.2,144.45,11019,0
2022-06-10,D,Emami Paper Mills Ord Shs,143.05,145.5,143.05,144.25,9573,0
2022-06-13,D,Emami Paper Mills Ord Shs,143.0,143.0,136.25,138.2,18557,0
2022-06-14,D,Emami Paper Mills Ord Shs,137.7,141.4,136.0,136.65,21046,0
2022-06-15,D,Emami Paper Mills Ord Shs,139.35,139.35,133.0,135.8,8070,0
2022-06-16,D,Emami Paper Mills Ord Shs,141.0,141.0,128.1,131.0,21335,0
2022-06-17,D,Emami Paper Mills Ord Shs,128.35,131.55,127.25,128.1,26715,0
2022-06-20,D,Emami Paper Mills Ord Shs,131.9,131.9,113.35,119.65,45161,0
2022-06-21,D,Emami Paper Mills Ord Shs,121.0,130.05,121.0,127.8,29198,0
2022-06-22,D,Emami Paper Mills Ord Shs,125.2,127.45,123.2,123.8,13805,0
2022-06-23,D,Emami Paper Mills Ord Shs,124.0,128.0,123.0,125.75,14487,0
2022-06-24,D,Emami Paper Mills Ord Shs,128.0,132.35,126.65,130.95,22387,0
2022-06-27,D,Emami Paper Mills Ord Shs,134.0,142.9,134.0,137.05,20199,0
2022-06-28,D,Emami Paper Mills Ord Shs,138.8,142.35,131.8,139.2,51269,0
2022-06-29,D,Emami Paper Mills Ord Shs,137.35,144.25,137.35,139.55,24279,0
2022-06-30,D,Emami Paper Mills Ord Shs,142.0,143.9,133.35,136.5,12219,0
2022-07-01,D,Emami Paper Mills Ord Shs,138.45,141.9,135.35,139.5,56323,0
2022-07-04,D,Emami Paper Mills Ord Shs,142.25,144.85,136.6,141.2,45813,0
2022-07-05,D,Emami Paper Mills Ord Shs,143.95,143.95,139.0,140.05,23095,0
2022-07-06,D,Emami Paper Mills Ord Shs,142.8,142.8,136.25,140.6,18636,0
2022-07-07,D,Emami Paper Mills Ord Shs,142.9,145.0,141.25,142.85,14294,0
2022-07-08,D,Emami Paper Mills Ord Shs,143.4,144.75,140.4,142.15,20880,0
2022-07-11,D,Emami Paper Mills Ord Shs,144.8,144.8,136.8,140.35,19705,0
2022-07-12,D,Emami Paper Mills Ord Shs,141.95,143.0,140.05,140.95,13103,0
2022-07-13,D,Emami Paper Mills Ord Shs,143.2,154.9,143.2,148.1,132572,0
2022-07-14,D,Emami Paper Mills Ord Shs,149.7,154.0,147.35,148.55,46730,0
2022-07-15,D,Emami Paper Mills Ord Shs,149.75,149.95,142.55,145.25,27385,0
2022-07-18,D,Emami Paper Mills Ord Shs,150.4,152.7,147.3,150.7,49935,0
2022-07-19,D,Emami Paper Mills Ord Shs,150.05,153.95,149.1,151.0,45919,0
2022-07-20,D,Emami Paper Mills Ord Shs,153.75,157.95,151.6,155.1,117257,0
2022-07-21,D,Emami Paper Mills Ord Shs,155.2,157.7,151.75,153.15,29221,0
2022-07-22,D,Emami Paper Mills Ord Shs,155.25,157.75,153.8,154.9,42299,0
2022-07-25,D,Emami Paper Mills Ord Shs,154.9,156.7,153.05,153.5,19358,0
2022-07-26,D,Emami Paper Mills Ord Shs,153.5,153.5,145.7,146.75,31916,0
2022-07-27,D,Emami Paper Mills Ord Shs,148.6,152.65,147.15,151.5,40795,0
2022-07-28,D,Emami Paper Mills Ord Shs,152.95,158.65,152.4,153.3,46783,0
2022-07-29,D,Emami Paper Mills Ord Shs,156.35,156.45,152.6,153.7,37684,0
2022-08-01,D,Emami Paper Mills Ord Shs,156.7,167.65,156.6,164.3,259747,0
2022-08-02,D,Emami Paper Mills Ord Shs,164.5,171.4,164.5,169.8,112777,0
2022-08-03,D,Emami Paper Mills Ord Shs,168.2,171.0,164.05,165.4,71045,0
2022-08-04,D,Emami Paper Mills Ord Shs,167.0,170.0,164.45,168.7,90749,0
2022-08-05,D,Emami Paper Mills Ord Shs,171.7,179.15,166.0,169.7,420510,0
2022-08-08,D,Emami Paper Mills Ord Shs,171.0,176.4,169.75,174.05,206516,0
2022-08-10,D,Emami Paper Mills Ord Shs,174.7,182.5,171.0,179.35,320991,0
2022-08-11,D,Emami Paper Mills Ord Shs,181.35,183.5,175.0,175.7,125653,0
2022-08-12,D,Emami Paper Mills Ord Shs,175.7,177.35,169.0,170.45,76333,0
2022-08-16,D,Emami Paper Mills Ord Shs,169.5,174.7,168.25,173.2,52588,0
2022-08-17,D,Emami Paper Mills Ord Shs,174.45,174.45,170.0,171.4,35049,0
2022-08-18,D,Emami Paper Mills Ord Shs,171.5,173.95,170.0,170.8,36583,0
2022-08-19,D,Emami Paper Mills Ord Shs,172.95,173.35,168.0,169.15,37152,0
2022-08-22,D,Emami Paper Mills Ord Shs,171.0,173.95,165.35,167.25,90344,0
2022-08-23,D,Emami Paper Mills Ord Shs,168.9,172.0,164.4,168.85,46390,0
2022-08-24,D,Emami Paper Mills Ord Shs,170.1,183.0,169.0,181.5,405491,0
2022-08-25,D,Emami Paper Mills Ord Shs,182.8,188.0,178.15,180.55,188408,0
2022-08-26,D,Emami Paper Mills Ord Shs,184.0,184.85,179.3,180.05,60034,0
2022-08-29,D,Emami Paper Mills Ord Shs,172.3,182.0,171.3,180.25,142069,0
2022-08-30,D,Emami Paper Mills Ord Shs,184.9,185.0,175.0,177.0,91291,0
2022-09-01,D,Emami Paper Mills Ord Shs,176.5,180.05,175.7,177.95,49295,0
2022-09-02,D,Emami Paper Mills Ord Shs,179.7,183.15,177.0,177.75,98284,0
2022-09-05,D,Emami Paper Mills Ord Shs,179.95,181.0,177.95,178.45,48816,0
2022-09-06,D,Emami Paper Mills Ord Shs,181.0,183.35,177.0,177.7,90338,0
2022-09-07,D,Emami Paper Mills Ord Shs,177.7,181.1,177.05,177.9,61469,0
2022-09-08,D,Emami Paper Mills Ord Shs,181.0,186.55,179.35,182.7,202986,0
2022-09-09,D,Emami Paper Mills Ord Shs,184.0,184.8,176.45,180.0,94715,0
2022-09-12,D,Emami Paper Mills Ord Shs,180.55,182.75,177.0,177.55,64908,0
2022-09-13,D,Emami Paper Mills Ord Shs,178.0,190.0,177.5,188.6,341533,0
2022-09-14,D,Emami Paper Mills Ord Shs,184.45,194.8,181.8,189.65,178089,0
2022-09-15,D,Emami Paper Mills Ord Shs,191.2,194.5,185.1,185.45,97182,0
2022-09-16,D,Emami Paper Mills Ord Shs,186.1,187.05,178.0,179.4,101114,0
2022-09-19,D,Emami Paper Mills Ord Shs,180.65,184.95,175.0,175.9,58373,0
2022-09-20,D,Emami Paper Mills Ord Shs,175.5,182.8,175.5,180.7,80575,0
2022-09-21,D,Emami Paper Mills Ord Shs,182.0,182.0,175.8,177.15,37420,0
2022-09-22,D,Emami Paper Mills Ord Shs,179.0,181.8,175.95,179.15,81375,0
2022-09-23,D,Emami Paper Mills Ord Shs,181.95,181.95,175.1,176.0,27590,0
2022-09-26,D,Emami Paper Mills Ord Shs,176.0,176.0,165.35,166.65,36205,0
2022-09-27,D,Emami Paper Mills Ord Shs,169.95,173.4,165.15,165.7,33256,0
2022-09-28,D,Emami Paper Mills Ord Shs,164.0,168.25,156.75,162.45,70160,0
2022-09-29,D,Emami Paper Mills Ord Shs,166.0,169.2,160.0,164.7,23837,0
2022-09-30,D,Emami Paper Mills Ord Shs,163.0,167.55,162.15,164.8,18839,0
2022-10-03,D,Emami Paper Mills Ord Shs,163.5,166.75,163.0,163.35,17205,0
2022-10-04,D,Emami Paper Mills Ord Shs,165.55,167.2,162.9,163.5,24328,0
2022-10-06,D,Emami Paper Mills Ord Shs,166.65,166.65,162.9,163.95,70890,0
2022-10-07,D,Emami Paper Mills Ord Shs,166.0,169.6,162.55,167.3,35825,0
2022-10-10,D,Emami Paper Mills Ord Shs,166.85,173.6,165.35,170.35,41331,0
2022-10-11,D,Emami Paper Mills Ord Shs,170.05,172.5,166.4,166.85,18479,0
2022-10-12,D,Emami Paper Mills Ord Shs,167.85,168.85,162.2,164.15,27506,0
2022-10-13,D,Emami Paper Mills Ord Shs,166.5,167.35,162.0,164.15,27365,0
2022-10-14,D,Emami Paper Mills Ord Shs,167.05,167.05,164.05,164.3,18501,0
2022-10-17,D,Emami Paper Mills Ord Shs,164.3,164.6,162.1,163.4,20447,0
2022-10-18,D,Emami Paper Mills Ord Shs,163.4,166.2,163.4,164.3,14995,0
2022-10-19,D,Emami Paper Mills Ord Shs,165.3,166.0,162.2,162.8,33696,0
2022-10-20,D,Emami Paper Mills Ord Shs,162.85,165.55,162.85,163.8,24715,0
2022-10-21,D,Emami Paper Mills Ord Shs,166.0,166.0,163.5,164.3,15469,0
2022-10-24,D,Emami Paper Mills Ord Shs,166.0,168.15,162.9,167.65,15030,0
2022-10-25,D,Emami Paper Mills Ord Shs,167.95,172.75,164.3,171.7,69581,0
2022-10-27,D,Emami Paper Mills Ord Shs,173.0,179.0,172.05,177.3,78061,0
2022-10-28,D,Emami Paper Mills Ord Shs,177.75,178.75,173.0,174.75,24293,0
2022-10-31,D,Emami Paper Mills Ord Shs,176.0,181.5,176.0,177.15,45310,0
2022-11-01,D,Emami Paper Mills Ord Shs,177.15,179.4,175.05,175.85,18785,0
2022-11-02,D,Emami Paper Mills Ord Shs,176.35,176.35,170.0,171.05,22383,0
2022-11-03,D,Emami Paper Mills Ord Shs,172.6,174.7,172.0,173.0,22418,0
2022-11-04,D,Emami Paper Mills Ord Shs,175.0,175.0,171.0,171.7,7797,0
2022-11-07,D,Emami Paper Mills Ord Shs,174.8,175.7,170.05,172.15,16361,0
2022-11-09,D,Emami Paper Mills Ord Shs,173.5,174.5,171.7,173.2,19896,0
2022-11-10,D,Emami Paper Mills Ord Shs,172.85,178.95,171.8,174.15,49682,0
2022-11-11,D,Emami Paper Mills Ord Shs,176.5,179.9,172.0,173.45,31031,0
2022-11-14,D,Emami Paper Mills Ord Shs,175.7,175.7,158.8,160.4,221611,0
2022-11-15,D,Emami Paper Mills Ord Shs,160.2,161.05,156.5,157.65,70063,0
2022-11-16,D,Emami Paper Mills Ord Shs,160.75,160.75,158.1,158.55,22746,0
2022-11-17,D,Emami Paper Mills Ord Shs,159.0,159.5,151.8,152.95,47373,0
2022-11-18,D,Emami Paper Mills Ord Shs,154.0,154.0,150.45,152.0,18264,0
2022-11-21,D,Emami Paper Mills Ord Shs,152.05,152.85,148.6,149.6,19367,0
2022-11-22,D,Emami Paper Mills Ord Shs,152.5,153.0,148.0,149.35,21226,0
2022-11-23,D,Emami Paper Mills Ord Shs,150.15,155.95,150.1,153.45,31277,0
2022-11-24,D,Emami Paper Mills Ord Shs,152.5,155.4,151.6,152.65,11692,0
2022-11-25,D,Emami Paper Mills Ord Shs,152.3,155.3,151.8,152.8,14410,0
2022-11-28,D,Emami Paper Mills Ord Shs,154.5,154.95,152.1,153.1,13342,0
2022-11-29,D,Emami Paper Mills Ord Shs,154.35,156.9,152.6,153.5,13358,0
2022-11-30,D,Emami Paper Mills Ord Shs,155.85,156.15,150.8,151.95,21979,0
2022-12-01,D,Emami Paper Mills Ord Shs,152.25,154.55,151.5,152.0,18466,0
2022-12-02,D,Emami Paper Mills Ord Shs,151.15,153.9,151.15,153.05,5832,0
2022-12-05,D,Emami Paper Mills Ord Shs,153.05,155.5,152.55,154.0,27160,0
2022-12-06,D,Emami Paper Mills Ord Shs,154.0,154.4,152.35,153.0,11784,0
2022-12-07,D,Emami Paper Mills Ord Shs,156.05,156.05,150.0,150.8,17722,0
2022-12-08,D,Emami Paper Mills Ord Shs,152.75,152.85,150.55,151.7,7644,0
2022-12-09,D,Emami Paper Mills Ord Shs,154.65,154.65,148.2,149.1,17388,0
2022-12-12,D,Emami Paper Mills Ord Shs,150.5,150.5,147.0,148.55,18683,0
2022-12-13,D,Emami Paper Mills Ord Shs,150.4,152.95,148.8,151.8,14491,0
2022-12-14,D,Emami Paper Mills Ord Shs,151.85,153.2,149.8,150.25,10812,0
2022-12-15,D,Emami Paper Mills Ord Shs,148.4,151.2,147.0,147.9,14264,0
2022-12-16,D,Emami Paper Mills Ord Shs,149.2,155.0,148.3,152.1,46813,0
2022-12-19,D,Emami Paper Mills Ord Shs,152.15,158.95,152.0,154.8,58635,0
2022-12-20,D,Emami Paper Mills Ord Shs,155.5,161.6,154.45,157.7,140586,0
2022-12-21,D,Emami Paper Mills Ord Shs,159.8,161.6,148.1,151.0,54121,0
2022-12-22,D,Emami Paper Mills Ord Shs,151.5,153.2,143.3,146.0,39502,0
2022-12-23,D,Emami Paper Mills Ord Shs,142.55,145.7,135.4,135.85,48801,0
2022-12-26,D,Emami Paper Mills Ord Shs,135.85,142.2,135.85,141.0,16206,0
2022-12-27,D,Emami Paper Mills Ord Shs,143.75,146.45,141.0,143.4,19773,0
2022-12-28,D,Emami Paper Mills Ord Shs,145.0,146.7,143.0,143.9,22471,0
2022-12-29,D,Emami Paper Mills Ord Shs,145.0,145.0,141.8,142.95,20080,0
2022-12-30,D,Emami Paper Mills Ord Shs,144.1,145.75,140.9,142.05,14357,0
2023-01-02,D,Emami Paper Mills Ord Shs,143.25,146.9,142.55,145.75,15437,0
2023-01-03,D,Emami Paper Mills Ord Shs,144.6,146.95,143.0,145.15,13409,0
2023-01-04,D,Emami Paper Mills Ord Shs,146.15,147.65,144.0,145.6,9692,0
2023-01-05,D,Emami Paper Mills Ord Shs,147.0,154.7,145.5,150.3,67348,0
2023-01-06,D,Emami Paper Mills Ord Shs,150.3,152.2,146.0,147.1,16714,0
2023-01-09,D,Emami Paper Mills Ord Shs,148.85,155.0,147.9,148.9,17292,0
2023-01-10,D,Emami Paper Mills Ord Shs,149.95,149.95,146.0,147.5,5468,0
2023-01-11,D,Emami Paper Mills Ord Shs,149.5,152.95,147.55,148.6,9551,0
2023-01-12,D,Emami Paper Mills Ord Shs,148.1,150.2,145.35,147.05,11770,0
2023-01-13,D,Emami Paper Mills Ord Shs,149.45,151.5,146.4,148.1,14425,0
2023-01-16,D,Emami Paper Mills Ord Shs,150.3,150.95,145.2,146.4,8647,0
2023-01-17,D,Emami Paper Mills Ord Shs,149.2,149.2,146.15,146.75,5002,0
2023-01-18,D,Emami Paper Mills Ord Shs,147.65,148.7,146.2,146.55,4584,0
2023-01-19,D,Emami Paper Mills Ord Shs,145.2,147.95,142.4,143.75,9186,0
2023-01-20,D,Emami Paper Mills Ord Shs,145.0,147.95,144.0,146.65,10557,0
2023-01-23,D,Emami Paper Mills Ord Shs,146.65,147.45,144.5,145.0,13754,0
2023-01-24,D,Emami Paper Mills Ord Shs,144.15,146.4,143.5,144.1,5804,0
2023-01-25,D,Emami Paper Mills Ord Shs,144.7,144.7,141.2,142.0,6789,0
2023-01-27,D,Emami Paper Mills Ord Shs,142.95,143.15,139.0,141.2,10211,0
2023-01-30,D,Emami Paper Mills Ord Shs,142.95,155.0,138.2,149.55,98652,0
2023-01-31,D,Emami Paper Mills Ord Shs,149.0,152.0,145.5,148.55,13639,0
2023-02-01,D,Emami Paper Mills Ord Shs,148.95,151.4,142.3,143.75,12686,0
2023-02-02,D,Emami Paper Mills Ord Shs,143.8,147.1,140.8,142.55,13473,0
2023-02-03,D,Emami Paper Mills Ord Shs,143.65,144.4,140.9,141.3,10669,0
2023-02-06,D,Emami Paper Mills Ord Shs,144.05,144.5,137.05,140.9,21241,0
2023-02-07,D,Emami Paper Mills Ord Shs,142.9,145.65,139.45,144.25,15856,0
2023-02-08,D,Emami Paper Mills Ord Shs,145.0,145.1,142.0,142.85,6364,0
2023-02-09,D,Emami Paper Mills Ord Shs,144.5,148.9,142.5,146.8,21860,0
2023-02-10,D,Emami Paper Mills Ord Shs,143.5,148.8,143.5,147.15,10968,0
2023-02-13,D,Emami Paper Mills Ord Shs,147.1,150.4,120.8,132.5,136449,0
2023-02-14,D,Emami Paper Mills Ord Shs,127.4,127.4,120.0,120.95,120274,0
2023-02-15,D,Emami Paper Mills Ord Shs,121.55,125.05,121.55,124.1,35088,0
2023-02-16,D,Emami Paper Mills Ord Shs,125.0,125.2,121.5,124.55,20722,0
2023-02-17,D,Emami Paper Mills Ord Shs,124.0,124.0,120.5,121.5,22471,0
2023-02-20,D,Emami Paper Mills Ord Shs,122.6,125.0,121.65,124.3,16766,0
2023-02-21,D,Emami Paper Mills Ord Shs,125.0,125.0,122.1,122.65,9188,0
2023-02-22,D,Emami Paper Mills Ord Shs,122.7,124.3,120.5,121.0,13589,0
2023-02-23,D,Emami Paper Mills Ord Shs,123.0,123.0,118.2,120.45,16255,0
2023-02-24,D,Emami Paper Mills Ord Shs,121.3,122.5,118.05,119.0,11857,0
2023-02-27,D,Emami Paper Mills Ord Shs,119.7,120.15,111.7,114.05,31866,0
2023-02-28,D,Emami Paper Mills Ord Shs,113.1,114.95,110.25,113.05,30711,0
2023-03-01,D,Emami Paper Mills Ord Shs,115.25,117.95,113.3,116.95,12641,0
2023-03-02,D,Emami Paper Mills Ord Shs,118.8,121.15,115.75,116.85,13514,0
2023-03-03,D,Emami Paper Mills Ord Shs,121.8,121.8,117.15,118.85,9923,0
2023-03-06,D,Emami Paper Mills Ord Shs,121.35,121.35,116.0,116.7,28371,0
2023-03-08,D,Emami Paper Mills Ord Shs,115.5,120.2,114.75,118.8,18192,0
2023-03-09,D,Emami Paper Mills Ord Shs,120.9,121.95,117.85,120.5,26086,0
2023-03-10,D,Emami Paper Mills Ord Shs,117.25,119.95,117.25,118.25,10483,0
2023-03-13,D,Emami Paper Mills Ord Shs,120.0,120.0,115.0,115.95,18898,0
2023-03-14,D,Emami Paper Mills Ord Shs,115.15,115.2,110.25,112.45,23661,0
2023-03-15,D,Emami Paper Mills Ord Shs,114.3,115.7,113.8,114.3,32525,1
2023-03-16,D,Emami Paper Mills Ord Shs,113.3,113.65,112.0,112.15,20701,0
2023-03-17,D,Emami Paper Mills Ord Shs,114.35,114.35,112.1,112.85,13659,0
2023-03-20,D,Emami Paper Mills Ord Shs,113.3,114.5,108.45,109.6,23303,0
2023-03-21,D,Emami Paper Mills Ord Shs,111.75,113.7,110.15,113.05,24021,0
2023-03-22,D,Emami Paper Mills Ord Shs,114.0,115.25,112.05,113.1,14897,0
2023-03-23,D,Emami Paper Mills Ord Shs,114.7,114.7,112.0,112.5,9993,0
2023-03-24,D,Emami Paper Mills Ord Shs,113.7,114.5,110.05,111.65,23599,0
2023-03-27,D,Emami Paper Mills Ord Shs,111.65,113.65,107.95,108.5,26645,0
2023-03-28,D,Emami Paper Mills Ord Shs,108.8,109.35,101.3,102.3,38194,0
2023-03-29,D,Emami Paper Mills Ord Shs,103.7,108.0,100.05,107.2,61512,0
2023-03-31,D,Emami Paper Mills Ord Shs,108.85,116.5,108.85,112.0,55460,0
2023-04-03,D,Emami Paper Mills Ord Shs,110.4,119.0,110.4,118.2,31113,0
2023-04-05,D,Emami Paper Mills Ord Shs,120.55,121.35,113.6,115.15,20021,0
2023-04-06,D,Emami Paper Mills Ord Shs,117.2,118.0,114.7,116.9,8201,0
2023-04-10,D,Emami Paper Mills Ord Shs,119.15,119.15,115.05,116.0,6748,0
2023-04-11,D,Emami Paper Mills Ord Shs,115.15,118.9,115.15,116.25,10897,0
2023-04-12,D,Emami Paper Mills Ord Shs,115.2,118.3,115.2,116.8,14342,0
2023-04-13,D,Emami Paper Mills Ord Shs,118.95,124.5,116.5,120.1,45184,0
2023-04-17,D,Emami Paper Mills Ord Shs,123.5,123.5,118.9,119.7,15876,0
2023-04-18,D,Emami Paper Mills Ord Shs,122.0,122.0,116.1,118.25,16798,0
2023-04-19,D,Emami Paper Mills Ord Shs,120.55,122.15,117.75,119.35,20287,0
2023-04-20,D,Emami Paper Mills Ord Shs,121.5,121.5,119.4,120.5,11165,0
2023-04-21,D,Emami Paper Mills Ord Shs,122.0,123.25,118.15,120.0,16486,0
2023-04-24,D,Emami Paper Mills Ord Shs,121.35,121.35,118.35,119.55,5646,0
2023-04-25,D,Emami Paper Mills Ord Shs,119.55,121.75,119.55,120.5,20089,0
2023-04-26,D,Emami Paper Mills Ord Shs,120.55,121.2,117.15,118.05,22146,0
2023-04-27,D,Emami Paper Mills Ord Shs,119.7,120.0,118.0,118.85,7895,0
2023-04-28,D,Emami Paper Mills Ord Shs,120.0,122.55,119.4,121.0,18215,0
2023-05-02,D,Emami Paper Mills Ord Shs,122.85,122.95,120.05,121.65,16963,0
2023-05-03,D,Emami Paper Mills Ord Shs,120.55,122.25,120.55,121.85,8389,0
2023-05-04,D,Emami Paper Mills Ord Shs,120.4,124.0,120.4,123.1,19270,0
2023-05-05,D,Emami Paper Mills Ord Shs,124.5,125.0,122.3,123.0,27630,0
2023-05-08,D,Emami Paper Mills Ord Shs,124.0,124.7,122.7,123.6,8913,0
2023-05-09,D,Emami Paper Mills Ord Shs,122.75,127.9,122.75,124.1,58110,0
2023-05-10,D,Emami Paper Mills Ord Shs,124.75,125.35,123.65,124.75,7943,1
2023-05-11,D,Emami Paper Mills Ord Shs,125.95,131.95,125.0,128.25,50297,0
2023-05-12,D,Emami Paper Mills Ord Shs,128.0,133.6,126.4,130.55,45059,0
2023-05-15,D,Emami Paper Mills Ord Shs,129.85,132.65,128.0,128.55,27043,0
2023-05-16,D,Emami Paper Mills Ord Shs,129.7,130.8,127.1,127.8,21623,0
2023-05-17,D,Emami Paper Mills Ord Shs,127.65,128.95,126.0,126.55,12933,0
2023-05-18,D,Emami Paper Mills Ord Shs,127.9,129.0,125.3,125.75,17520,0
2023-05-19,D,Emami Paper Mills Ord Shs,126.1,126.5,125.0,125.1,9889,0
2023-05-22,D,Emami Paper Mills Ord Shs,126.0,126.6,123.0,124.95,8138,0
2023-05-23,D,Emami Paper Mills Ord Shs,124.35,125.95,124.0,124.45,10195,0
2023-05-24,D,Emami Paper Mills Ord Shs,124.85,125.75,123.2,124.4,6572,0
2023-05-25,D,Emami Paper Mills Ord Shs,125.5,126.0,123.8,124.9,7480,0
2023-05-26,D,Emami Paper Mills Ord Shs,124.85,125.8,123.5,123.8,9721,0
2023-05-29,D,Emami Paper Mills Ord Shs,116.35,120.8,116.35,118.1,61459,0
2023-05-30,D,Emami Paper Mills Ord Shs,119.85,120.8,119.0,119.2,29423,0
2023-05-31,D,Emami Paper Mills Ord Shs,120.15,121.15,117.25,118.4,15347,0
2023-06-01,D,Emami Paper Mills Ord Shs,120.75,120.75,118.0,119.35,5683,0
2023-06-02,D,Emami Paper Mills Ord Shs,119.9,121.75,117.8,118.15,18649,0
2023-06-05,D,Emami Paper Mills Ord Shs,118.05,121.0,118.05,119.3,23033,0
2023-06-06,D,Emami Paper Mills Ord Shs,120.55,120.95,118.7,119.5,14690,0
2023-06-07,D,Emami Paper Mills Ord Shs,120.65,120.65,119.1,119.75,12675,0
2023-06-08,D,Emami Paper Mills Ord Shs,121.8,121.8,118.65,119.1,15082,0
2023-06-09,D,Emami Paper Mills Ord Shs,119.7,120.25,118.2,118.4,9154,0
2023-06-12,D,Emami Paper Mills Ord Shs,118.35,119.7,118.0,118.75,6658,0
2023-06-13,D,Emami Paper Mills Ord Shs,118.8,119.65,118.1,118.35,6672,0
2023-06-14,D,Emami Paper Mills Ord Shs,119.95,121.15,119.5,119.55,11515,0
2023-06-15,D,Emami Paper Mills Ord Shs,120.0,121.95,118.55,120.8,48057,0
2023-06-16,D,Emami Paper Mills Ord Shs,122.5,122.5,120.8,122.0,21298,0
2023-06-19,D,Emami Paper Mills Ord Shs,123.7,125.0,121.0,124.35,42595,0
2023-06-20,D,Emami Paper Mills Ord Shs,125.0,125.8,124.0,124.55,15195,0
2023-06-21,D,Emami Paper Mills Ord Shs,124.0,125.35,121.4,123.3,17849,0
2023-06-22,D,Emami Paper Mills Ord Shs,121.5,124.9,121.5,123.45,11806,0
2023-06-23,D,Emami Paper Mills Ord Shs,123.4,123.45,121.3,121.7,5948,0
2023-06-26,D,Emami Paper Mills Ord Shs,123.4,123.4,120.8,121.95,9061,0
2023-06-27,D,Emami Paper Mills Ord Shs,121.9,123.45,121.85,122.85,7862,0
2023-06-28,D,Emami Paper Mills Ord Shs,121.2,123.9,121.2,123.0,8436,0
2023-06-30,D,Emami Paper Mills Ord Shs,123.1,123.85,120.55,121.25,15284,0
2023-07-03,D,Emami Paper Mills Ord Shs,121.8,122.9,121.0,122.2,14287,0
2023-07-04,D,Emami Paper Mills Ord Shs,122.2,122.2,120.5,120.75,11182,0
2023-07-05,D,Emami Paper Mills Ord Shs,120.9,121.05,119.0,119.9,16720,0
2023-07-06,D,Emami Paper Mills Ord Shs,119.95,121.0,119.05,119.9,19225,0
2023-07-07,D,Emami Paper Mills Ord Shs,121.0,121.0,118.0,119.0,21438,0
2023-07-10,D,Emami Paper Mills Ord Shs,118.05,119.05,117.05,117.65,11606,0
2023-07-11,D,Emami Paper Mills Ord Shs,117.75,118.75,116.5,116.85,25517,0
2023-07-12,D,Emami Paper Mills Ord Shs,117.0,118.9,116.25,117.1,20763,0
2023-07-13,D,Emami Paper Mills Ord Shs,118.9,118.9,116.9,117.65,10421,0
2023-07-14,D,Emami Paper Mills Ord Shs,118.15,118.45,116.95,117.15,9369,0
2023-07-17,D,Emami Paper Mills Ord Shs,118.0,120.25,118.0,119.85,18186,0
2023-07-18,D,Emami Paper Mills Ord Shs,120.8,120.95,118.05,118.6,14444,0
2023-07-19,D,Emami Paper Mills Ord Shs,119.15,121.35,118.45,119.6,14118,0
2023-07-20,D,Emami Paper Mills Ord Shs,119.6,120.0,118.0,119.4,11173,0
2023-07-21,D,Emami Paper Mills Ord Shs,119.05,119.05,117.6,118.5,9287,0
2023-07-24,D,Emami Paper Mills Ord Shs,120.85,120.85,117.4,118.0,24589,0
2023-07-25,D,Emami Paper Mills Ord Shs,120.35,125.6,118.55,123.65,55907,0
2023-07-26,D,Emami Paper Mills Ord Shs,123.0,128.8,122.55,127.4,81910,0
2023-07-27,D,Emami Paper Mills Ord Shs,129.0,129.8,126.4,127.75,34073,0
2023-07-28,D,Emami Paper Mills Ord Shs,129.5,129.5,121.6,123.15,40716,0
2023-07-31,D,Emami Paper Mills Ord Shs,125.45,125.5,120.3,122.0,28094,0
2023-08-01,D,Emami Paper Mills Ord Shs,123.0,127.15,122.15,124.75,24012,0
2023-08-02,D,Emami Paper Mills Ord Shs,125.65,125.9,121.05,121.65,29857,0
2023-08-03,D,Emami Paper Mills Ord Shs,122.15,125.7,121.25,124.2,27445,0
2023-08-04,D,Emami Paper Mills Ord Shs,125.9,126.0,122.2,123.15,15969,0
2023-08-07,D,Emami Paper Mills Ord Shs,125.15,130.0,124.25,127.65,103633,0
2023-08-08,D,Emami Paper Mills Ord Shs,129.9,132.45,129.3,130.2,56862,0
2023-08-09,D,Emami Paper Mills Ord Shs,132.1,136.85,130.0,132.95,85472,0
2023-08-10,D,Emami Paper Mills Ord Shs,132.2,132.2,124.15,125.7,132133,0
2023-08-11,D,Emami Paper Mills Ord Shs,125.7,126.6,124.0,125.15,24213,0
2023-08-14,D,Emami Paper Mills Ord Shs,124.0,127.0,120.9,124.95,39936,0
2023-08-16,D,Emami Paper Mills Ord Shs,124.0,131.5,122.3,128.7,99984,0
2023-08-17,D,Emami Paper Mills Ord Shs,129.8,132.6,128.8,129.8,128418,1
2023-08-18,D,Emami Paper Mills Ord Shs,130.5,132.75,128.15,129.0,59331,0
2023-08-21,D,Emami Paper Mills Ord Shs,130.35,131.7,128.0,129.4,35363,0
2023-08-22,D,Emami Paper Mills Ord Shs,129.8,132.65,127.6,128.7,44392,0
2023-08-23,D,Emami Paper Mills Ord Shs,128.9,132.05,128.1,130.6,90345,0
2023-08-24,D,Emami Paper Mills Ord Shs,132.0,136.45,130.85,132.5,111855,0
2023-08-25,D,Emami Paper Mills Ord Shs,132.5,136.0,131.55,133.5,87829,0
2023-08-28,D,Emami Paper Mills Ord Shs,133.0,134.85,130.45,130.8,46830,0
2023-08-29,D,Emami Paper Mills Ord Shs,131.75,132.9,129.8,130.1,31590,0
2023-08-30,D,Emami Paper Mills Ord Shs,132.05,132.05,130.6,131.45,14131,0
2023-08-31,D,Emami Paper Mills Ord Shs,133.95,133.95,131.25,131.6,38712,0
2023-09-01,D,Emami Paper Mills Ord Shs,134.5,134.5,131.05,132.4,39345,0
2023-09-04,D,Emami Paper Mills Ord Shs,134.9,138.8,133.7,137.0,95952,0
2023-09-05,D,Emami Paper Mills Ord Shs,136.9,136.9,131.85,133.55,61134,0
2023-09-06,D,Emami Paper Mills Ord Shs,135.55,148.45,133.7,145.7,422610,0
2023-09-07,D,Emami Paper Mills Ord Shs,147.0,148.05,142.25,143.45,128882,0
2023-09-08,D,Emami Paper Mills Ord Shs,143.45,148.0,143.45,145.55,119953,0
2023-09-11,D,Emami Paper Mills Ord Shs,145.55,150.0,144.0,145.5,131773,0
2023-09-12,D,Emami Paper Mills Ord Shs,145.5,146.8,131.45,136.35,115458,0
2023-09-13,D,Emami Paper Mills Ord Shs,136.3,141.9,134.1,138.3,107315,0
2023-09-14,D,Emami Paper Mills Ord Shs,138.3,143.1,137.8,141.95,86270,0
2023-09-15,D,Emami Paper Mills Ord Shs,140.55,144.75,139.1,139.7,26885,0
2023-09-18,D,Emami Paper Mills Ord Shs,141.5,141.75,137.65,138.55,56246,0
2023-09-20,D,Emami Paper Mills Ord Shs,141.0,141.6,136.3,137.85,63368,0
2023-09-21,D,Emami Paper Mills Ord Shs,139.25,139.4,134.85,135.55,10114,0
2023-09-22,D,Emami Paper Mills Ord Shs,137.0,140.15,135.0,138.1,12004,0
2023-09-25,D,Emami Paper Mills Ord Shs,136.7,139.65,135.4,136.2,16274,0
2023-09-26,D,Emami Paper Mills Ord Shs,136.75,138.9,135.35,135.8,20319,0
2023-09-27,D,Emami Paper Mills Ord Shs,135.2,140.4,135.2,136.7,25934,0
2023-09-28,D,Emami Paper Mills Ord Shs,137.9,139.1,134.85,136.05,15648,0
2023-09-29,D,Emami Paper Mills Ord Shs,136.25,137.95,134.65,135.4,16137,0
2023-10-03,D,Emami Paper Mills Ord Shs,136.3,136.3,133.05,133.25,14484,0
2023-10-04,D,Emami Paper Mills Ord Shs,133.3,133.55,129.5,130.5,34149,0
2023-10-05,D,Emami Paper Mills Ord Shs,131.7,135.0,130.7,133.85,18773,0
2023-10-06,D,Emami Paper Mills Ord Shs,135.85,135.85,128.95,130.7,44637,0
2023-10-09,D,Emami Paper Mills Ord Shs,130.7,130.95,126.05,129.15,18648,0
2023-10-10,D,Emami Paper Mills Ord Shs,131.05,131.05,127.8,129.7,11205,0
2023-10-11,D,Emami Paper Mills Ord Shs,131.0,142.95,129.7,136.2,204898,0
2023-10-12,D,Emami Paper Mills Ord Shs,137.0,142.9,135.0,140.85,107241,0
2023-10-13,D,Emami Paper Mills Ord Shs,140.8,142.2,136.2,137.8,25313,0
2023-10-16,D,Emami Paper Mills Ord Shs,139.8,139.8,136.15,136.45,20520,0
2023-10-17,D,Emami Paper Mills Ord Shs,138.3,141.65,137.15,137.95,18258,0
2023-10-18,D,Emami Paper Mills Ord Shs,138.55,141.0,135.05,136.85,17922,0
2023-10-19,D,Emami Paper Mills Ord Shs,137.05,139.4,135.55,137.25,21749,0
2023-10-20,D,Emami Paper Mills Ord Shs,137.25,141.0,135.15,136.7,39783,0
2023-10-23,D,Emami Paper Mills Ord Shs,136.7,138.75,128.05,130.0,31160,0
2023-10-25,D,Emami Paper Mills Ord Shs,130.0,132.1,128.05,128.4,18457,0
2023-10-26,D,Emami Paper Mills Ord Shs,128.15,131.9,123.3,131.5,30314,0
2023-10-27,D,Emami Paper Mills Ord Shs,133.3,134.45,131.05,131.6,11025,0
2023-10-30,D,Emami Paper Mills Ord Shs,132.45,133.65,130.4,131.75,8768,0
2023-10-31,D,Emami Paper Mills Ord Shs,130.85,133.25,129.95,132.95,5325,0
2023-11-01,D,Emami Paper Mills Ord Shs,131.25,137.0,129.5,132.0,51255,0
2023-11-02,D,Emami Paper Mills Ord Shs,130.05,133.8,128.85,129.85,22181,0
2023-11-03,D,Emami Paper Mills Ord Shs,132.5,133.75,128.4,128.65,30408,0
2023-11-06,D,Emami Paper Mills Ord Shs,129.0,132.0,127.85,129.6,20924,0
2023-11-07,D,Emami Paper Mills Ord Shs,130.65,133.35,129.0,130.2,18157,0
2023-11-08,D,Emami Paper Mills Ord Shs,131.3,133.0,129.35,129.65,15159,0
2023-11-09,D,Emami Paper Mills Ord Shs,130.45,131.1,129.1,129.8,7148,0
2023-11-10,D,Emami Paper Mills Ord Shs,129.25,133.0,128.45,130.25,21917,0
2023-11-12,D,Emami Paper Mills Ord Shs,132.5,132.5,129.25,131.1,3067,0
2023-11-13,D,Emami Paper Mills Ord Shs,131.35,132.9,130.0,130.4,8482,0
2023-11-15,D,Emami Paper Mills Ord Shs,130.5,133.05,129.1,131.8,14209,0
2023-11-16,D,Emami Paper Mills Ord Shs,131.55,132.4,129.8,130.45,6466,0
2023-11-17,D,Emami Paper Mills Ord Shs,130.6,131.65,129.5,130.35,12133,0
2023-11-20,D,Emami Paper Mills Ord Shs,130.0,131.45,129.65,130.6,5808,0
2023-11-21,D,Emami Paper Mills Ord Shs,130.6,133.0,130.15,130.75,6755,0
2023-11-22,D,Emami Paper Mills Ord Shs,130.05,132.65,126.55,129.05,13429,0
2023-11-23,D,Emami Paper Mills Ord Shs,130.8,130.8,127.7,129.45,7617,0
2023-11-24,D,Emami Paper Mills Ord Shs,129.8,131.15,129.05,130.1,6375,0
2023-11-28,D,Emami Paper Mills Ord Shs,130.85,132.05,129.05,130.4,23293,0
2023-11-29,D,Emami Paper Mills Ord Shs,130.05,131.0,128.15,129.55,16308,0
2023-11-30,D,Emami Paper Mills Ord Shs,129.85,130.95,128.8,130.15,11000,0
2023-12-01,D,Emami Paper Mills Ord Shs,130.5,132.95,129.2,130.45,21675,0
2023-12-04,D,Emami Paper Mills Ord Shs,131.0,131.85,126.5,129.2,26146,0
2023-12-05,D,Emami Paper Mills Ord Shs,129.95,133.1,125.3,130.7,60662,0
2023-12-06,D,Emami Paper Mills Ord Shs,136.9,136.9,131.15,132.8,77380,0
2023-12-07,D,Emami Paper Mills Ord Shs,132.55,134.9,131.2,134.2,24686,0
2023-12-08,D,Emami Paper Mills Ord Shs,133.65,136.0,132.0,132.65,30523,0
2023-12-11,D,Emami Paper Mills Ord Shs,132.65,136.2,132.1,135.3,26146,0
2023-12-12,D,Emami Paper Mills Ord Shs,135.4,136.0,129.55,130.0,51692,0
2023-12-13,D,Emami Paper Mills Ord Shs,130.0,131.9,129.15,129.95,33012,0
2023-12-14,D,Emami Paper Mills Ord Shs,131.85,131.85,130.6,130.8,14845,0
2023-12-15,D,Emami Paper Mills Ord Shs,131.4,131.85,128.2,129.8,34011,0
2023-12-18,D,Emami Paper Mills Ord Shs,128.7,131.5,128.55,129.05,114090,0
2023-12-19,D,Emami Paper Mills Ord Shs,129.15,130.5,129.15,129.85,22769,0
2023-12-20,D,Emami Paper Mills Ord Shs,129.4,134.5,125.0,125.6,156821,0
2023-12-21,D,Emami Paper Mills Ord Shs,125.0,127.45,125.0,126.9,25906,0
2023-12-22,D,Emami Paper Mills Ord Shs,128.7,128.7,124.7,125.1,36031,0
2023-12-26,D,Emami Paper Mills Ord Shs,126.8,127.3,124.0,124.55,55276,0
2023-12-27,D,Emami Paper Mills Ord Shs,126.3,128.4,119.5,120.95,131816,0
2023-12-28,D,Emami Paper Mills Ord Shs,122.7,124.1,119.7,119.95,71950,0
2023-12-29,D,Emami Paper Mills Ord Shs,120.0,121.45,118.0,118.85,69988,0
2024-01-01,D,Emami Paper Mills Ord Shs,120.0,125.0,119.5,122.5,64006,0
2024-01-02,D,Emami Paper Mills Ord Shs,124.85,124.85,119.8,120.0,108318,0
2024-01-03,D,Emami Paper Mills Ord Shs,120.05,122.85,120.0,122.05,45329,0
2024-01-04,D,Emami Paper Mills Ord Shs,122.85,124.0,122.0,122.9,31718,0
2024-01-05,D,Emami Paper Mills Ord Shs,124.25,124.25,119.7,120.0,117766,0
2024-01-08,D,Emami Paper Mills Ord Shs,120.0,122.5,119.25,119.95,57418,0
2024-01-09,D,Emami Paper Mills Ord Shs,121.65,121.65,120.4,120.85,25061,0
2024-01-10,D,Emami Paper Mills Ord Shs,120.75,122.0,118.4,118.85,160048,0
2024-01-11,D,Emami Paper Mills Ord Shs,119.1,121.9,118.65,119.05,103487,0
2024-01-12,D,Emami Paper Mills Ord Shs,119.95,121.3,118.0,118.8,127461,0
2024-01-15,D,Emami Paper Mills Ord Shs,119.5,124.05,119.25,122.65,253415,0
2024-01-16,D,Emami Paper Mills Ord Shs,122.65,124.95,121.5,122.9,124804,0
2024-01-17,D,Emami Paper Mills Ord Shs,123.0,123.55,118.6,118.95,75167,0
2024-01-18,D,Emami Paper Mills Ord Shs,119.95,120.5,118.0,119.8,23897,0
2024-01-19,D,Emami Paper Mills Ord Shs,120.45,133.5,120.0,132.35,1111895,0
2024-01-20,D,Emami Paper Mills Ord Shs,133.7,134.4,128.6,130.5,238555,0
2024-01-23,D,Emami Paper Mills Ord Shs,131.8,133.2,122.95,123.75,128753,0
2024-01-24,D,Emami Paper Mills Ord Shs,127.45,127.45,121.8,125.45,44758,0
2024-01-25,D,Emami Paper Mills Ord Shs,125.65,133.0,125.65,131.3,170065,0
2024-01-29,D,Emami Paper Mills Ord Shs,130.75,134.0,127.6,128.25,151127,0
2024-01-30,D,Emami Paper Mills Ord Shs,128.65,135.0,127.7,131.15,201754,0
2024-01-31,D,Emami Paper Mills Ord Shs,130.5,134.9,129.3,130.6,133387,0
2024-02-01,D,Emami Paper Mills Ord Shs,130.8,133.5,129.05,129.5,77696,0
2024-02-02,D,Emami Paper Mills Ord Shs,129.55,131.05,127.5,128.2,59888,0
2024-02-05,D,Emami Paper Mills Ord Shs,128.2,131.5,123.55,123.95,115504,0
2024-02-06,D,Emami Paper Mills Ord Shs,125.8,148.7,124.35,145.7,541540,0
2024-02-07,D,Emami Paper Mills Ord Shs,149.5,149.5,137.0,138.4,826305,0
2024-02-08,D,Emami Paper Mills Ord Shs,140.5,142.45,137.1,138.15,160798,0
2024-02-09,D,Emami Paper Mills Ord Shs,137.2,143.0,133.2,137.1,123153,0
2024-02-12,D,Emami Paper Mills Ord Shs,142.0,142.0,127.15,130.05,95747,0
2024-02-13,D,Emami Paper Mills Ord Shs,131.0,134.45,126.25,132.0,65369,0
2024-02-14,D,Emami Paper Mills Ord Shs,133.0,136.05,126.55,131.35,68804,0
2024-02-15,D,Emami Paper Mills Ord Shs,133.25,136.7,132.6,135.3,51424,0
2024-02-16,D,Emami Paper Mills Ord Shs,137.6,139.25,134.05,135.25,42938,0
2024-02-19,D,Emami Paper Mills Ord Shs,136.6,140.0,133.2,136.75,48328,0
2024-02-20,D,Emami Paper Mills Ord Shs,136.75,137.65,133.2,135.8,27761,0
2024-02-21,D,Emami Paper Mills Ord Shs,136.1,138.8,132.25,133.15,38645,0
2024-02-22,D,Emami Paper Mills Ord Shs,135.5,135.5,132.25,134.0,28180,0
2024-02-23,D,Emami Paper Mills Ord Shs,135.65,137.45,132.55,134.8,48863,0
2024-02-26,D,Emami Paper Mills Ord Shs,135.05,137.0,132.8,133.75,24988,0
2024-02-27,D,Emami Paper Mills Ord Shs,134.2,135.85,131.2,132.2,22254,0
2024-02-28,D,Emami Paper Mills Ord Shs,131.0,133.9,128.1,129.1,34625,0
2024-02-29,D,Emami Paper Mills Ord Shs,129.1,131.4,127.7,129.85,17809,0
2024-03-01,D,Emami Paper Mills Ord Shs,132.3,132.3,130.0,130.9,21422,0
2024-03-02,D,Emami Paper Mills Ord Shs,134.0,134.6,131.0,131.7,6993,0
2024-03-04,D,Emami Paper Mills Ord Shs,130.25,133.15,129.1,129.55,41420,0
2024-03-05,D,Emami Paper Mills Ord Shs,131.95,131.95,128.05,128.95,20365,0
2024-03-06,D,Emami Paper Mills Ord Shs,129.15,129.55,124.25,126.3,34530,0
2024-03-07,D,Emami Paper Mills Ord Shs,125.2,129.95,125.2,128.35,34395,0
2024-03-11,D,Emami Paper Mills Ord Shs,127.5,128.85,123.0,123.45,37471,0
2024-03-12,D,Emami Paper Mills Ord Shs,125.0,125.0,118.0,119.5,55114,0
2024-03-13,D,Emami Paper Mills Ord Shs,118.1,121.2,110.3,111.9,59409,0
2024-03-14,D,Emami Paper Mills Ord Shs,111.25,122.6,110.0,118.65,60842,0
2024-03-15,D,Emami Paper Mills Ord Shs,119.95,121.0,115.0,116.0,41282,0
2024-03-18,D,Emami Paper Mills Ord Shs,117.6,119.35,115.5,116.0,40341,0
2024-03-19,D,Emami Paper Mills Ord Shs,116.0,119.9,115.0,115.65,29798,0
2024-03-20,D,Emami Paper Mills Ord Shs,115.65,117.9,114.5,115.9,18117,0
2024-03-21,D,Emami Paper Mills Ord Shs,117.0,118.95,116.0,116.55,25974,0
2024-03-22,D,Emami Paper Mills Ord Shs,119.0,121.0,116.75,118.5,33921,0
2024-03-26,D,Emami Paper Mills Ord Shs,120.45,120.45,115.45,116.3,28169,0
2024-03-27,D,Emami Paper Mills Ord Shs,116.95,117.45,114.0,114.75,43258,0
2024-03-28,D,Emami Paper Mills Ord Shs,114.75,116.5,114.0,114.15,41996,0
2024-04-01,D,Emami Paper Mills Ord Shs,116.5,118.75,113.3,118.05,47179,0
2024-04-02,D,Emami Paper Mills Ord Shs,118.7,123.75,117.65,121.75,67232,0
2024-04-03,D,Emami Paper Mills Ord Shs,122.35,124.35,121.55,123.1,33247,0
2024-04-04,D,Emami Paper Mills Ord Shs,123.7,124.7,119.1,119.95,102689,0
2024-04-05,D,Emami Paper Mills Ord Shs,120.6,121.8,116.5,117.7,254689,0
2024-04-08,D,Emami Paper Mills Ord Shs,118.8,119.5,117.0,118.95,66085,0
2024-04-09,D,Emami Paper Mills Ord Shs,120.15,120.5,116.75,118.05,55939,0
2024-04-10,D,Emami Paper Mills Ord Shs,118.7,119.6,118.05,119.05,38512,0
2024-04-12,D,Emami Paper Mills Ord Shs,119.7,119.9,116.6,117.25,54389,0
2024-04-15,D,Emami Paper Mills Ord Shs,115.3,116.65,113.15,114.05,51379,0
2024-04-16,D,Emami Paper Mills Ord Shs,114.05,115.3,111.2,111.95,106673,0
2024-04-18,D,Emami Paper Mills Ord Shs,112.5,115.3,112.35,114.45,61200,0
2024-04-19,D,Emami Paper Mills Ord Shs,114.45,114.55,112.15,113.75,27616,0
2024-04-22,D,Emami Paper Mills Ord Shs,114.3,116.5,114.3,115.6,29885,0
2024-04-23,D,Emami Paper Mills Ord Shs,115.05,118.45,115.05,117.85,39576,0
2024-04-24,D,Emami Paper Mills Ord Shs,119.2,120.4,114.3,115.45,189712,0
2024-04-25,D,Emami Paper Mills Ord Shs,116.1,121.1,115.75,118.95,171186,0
2024-04-26,D,Emami Paper Mills Ord Shs,119.95,121.95,119.5,120.4,103363,0
2024-04-29,D,Emami Paper Mills Ord Shs,121.2,124.5,116.55,117.1,149024,0
2024-04-30,D,Emami Paper Mills Ord Shs,117.0,120.65,114.15,115.05,255056,0
2024-05-02,D,Emami Paper Mills Ord Shs,115.95,117.4,114.7,114.9,175913,0
2024-05-03,D,Emami Paper Mills Ord Shs,117.0,117.05,109.4,109.95,362008,0
2024-05-06,D,Emami Paper Mills Ord Shs,111.65,111.7,108.95,110.15,80310,0
2024-05-07,D,Emami Paper Mills Ord Shs,111.25,111.7,109.6,110.3,43758,0
2024-05-08,D,Emami Paper Mills Ord Shs,111.4,111.9,110.45,111.0,30999,0
2024-05-09,D,Emami Paper Mills Ord Shs,111.45,111.7,108.5,108.95,43338,0
2024-05-10,D,Emami Paper Mills Ord Shs,109.0,109.05,107.1,108.35,42785,0
2024-05-13,D,Emami Paper Mills Ord Shs,109.95,110.8,108.15,109.7,24881,0
2024-05-14,D,Emami Paper Mills Ord Shs,109.3,110.9,109.2,110.5,37682,0
2024-05-15,D,Emami Paper Mills Ord Shs,110.7,111.9,110.2,110.55,23055,0
2024-05-16,D,Emami Paper Mills Ord Shs,112.5,112.5,110.25,110.3,27431,0
2024-05-17,D,Emami Paper Mills Ord Shs,110.55,113.9,110.5,112.0,61242,0
2024-05-18,D,Emami Paper Mills Ord Shs,112.65,113.2,111.5,112.1,7891,0
2024-05-21,D,Emami Paper Mills Ord Shs,111.0,112.65,111.0,111.55,20317,0
2024-05-22,D,Emami Paper Mills Ord Shs,111.55,112.6,110.5,110.95,15513,0
2024-05-23,D,Emami Paper Mills Ord Shs,111.05,111.6,109.0,109.8,49566,0
2024-05-24,D,Emami Paper Mills Ord Shs,110.45,110.9,107.5,107.85,68532,0
2024-05-27,D,Emami Paper Mills Ord Shs,109.45,110.85,107.55,108.75,64753,0
2024-05-28,D,Emami Paper Mills Ord Shs,109.6,111.45,108.0,109.5,52910,0
2024-05-29,D,Emami Paper Mills Ord Shs,110.7,113.9,109.5,112.2,128616,0
2024-05-30,D,Emami Paper Mills Ord Shs,113.0,113.5,110.0,111.0,62653,0
2024-05-31,D,Emami Paper Mills Ord Shs,111.0,112.2,109.05,110.25,34263,0
2024-06-03,D,Emami Paper Mills Ord Shs,112.5,112.7,109.35,109.9,49588,0
2024-06-04,D,Emami Paper Mills Ord Shs,109.95,111.1,100.55,103.4,66157,0
2024-06-05,D,Emami Paper Mills Ord Shs,108.0,108.0,101.1,105.0,69464,0
2024-06-06,D,Emami Paper Mills Ord Shs,106.55,108.95,106.2,107.95,35509,0
2024-06-07,D,Emami Paper Mills Ord Shs,109.5,111.1,108.55,110.25,57367,0
2024-06-10,D,Emami Paper Mills Ord Shs,110.29,112.0,110.0,111.13,46313,0
2024-06-11,D,Emami Paper Mills Ord Shs,111.5,114.6,111.13,113.94,109304,0
2024-06-12,D,Emami Paper Mills Ord Shs,116.5,116.5,113.66,114.29,41699,0
2024-06-13,D,Emami Paper Mills Ord Shs,115.75,117.0,113.53,116.01,75400,0
2024-06-14,D,Emami Paper Mills Ord Shs,117.99,122.5,114.3,119.79,451841,0
2024-06-18,D,Emami Paper Mills Ord Shs,123.6,124.66,121.52,123.19,297944,0
2024-06-19,D,Emami Paper Mills Ord Shs,124.2,124.47,120.0,120.92,103977,0
2024-06-20,D,Emami Paper Mills Ord Shs,120.05,124.6,120.05,122.08,114282,0
2024-06-21,D,Emami Paper Mills Ord Shs,123.9,123.9,119.25,121.18,125949,0
2024-06-24,D,Emami Paper Mills Ord Shs,122.5,127.7,122.0,122.82,419667,0
2024-06-25,D,Emami Paper Mills Ord Shs,123.05,124.01,118.35,119.46,109561,0
2024-06-26,D,Emami Paper Mills Ord Shs,120.1,123.19,119.12,120.77,70028,0
2024-06-27,D,Emami Paper Mills Ord Shs,121.4,121.89,116.13,117.86,72771,0
2024-06-28,D,Emami Paper Mills Ord Shs,118.33,119.71,116.5,116.85,64806,0
2024-07-01,D,Emami Paper Mills Ord Shs,117.45,118.91,115.8,116.4,83471,0
2024-07-02,D,Emami Paper Mills Ord Shs,117.0,127.0,116.92,126.05,1035122,0
2024-07-03,D,Emami Paper Mills Ord Shs,130.0,139.9,128.7,133.7,1671047,0
2024-07-04,D,Emami Paper Mills Ord Shs,135.0,137.0,130.4,131.82,376240,0
2024-07-05,D,Emami Paper Mills Ord Shs,131.82,148.2,131.58,142.62,1826694,0
2024-07-08,D,Emami Paper Mills Ord Shs,145.74,151.9,141.3,147.26,1435664,0
2024-07-09,D,Emami Paper Mills Ord Shs,147.26,149.8,142.5,143.24,283142,0
2024-07-10,D,Emami Paper Mills Ord Shs,145.0,146.5,135.5,140.92,202795,0
2024-07-11,D,Emami Paper Mills Ord Shs,141.1,145.0,138.0,142.46,133368,0
2024-07-12,D,Emami Paper Mills Ord Shs,143.0,146.89,138.7,139.51,122142,0
2024-07-15,D,Emami Paper Mills Ord Shs,140.0,140.0,134.01,136.4,80351,0
2024-07-16,D,Emami Paper Mills Ord Shs,138.5,147.5,136.5,143.71,267150,0
2024-07-18,D,Emami Paper Mills Ord Shs,144.9,146.9,136.4,141.09,167246,0
2024-07-19,D,Emami Paper Mills Ord Shs,141.01,142.19,136.8,137.21,112782,0
2024-07-22,D,Emami Paper Mills Ord Shs,134.0,139.29,133.42,135.7,67458,0
2024-07-23,D,Emami Paper Mills Ord Shs,134.9,136.78,130.0,134.69,73045,0
2024-07-24,D,Emami Paper Mills Ord Shs,134.0,142.0,134.0,137.59,100608,0
2024-07-25,D,Emami Paper Mills Ord Shs,136.3,138.3,132.99,134.59,140956,0
2024-07-26,D,Emami Paper Mills Ord Shs,135.3,138.9,133.25,134.19,95489,0
2024-07-29,D,Emami Paper Mills Ord Shs,134.0,138.75,134.0,137.17,98423,0
2024-07-30,D,Emami Paper Mills Ord Shs,137.0,141.51,137.0,137.87,76341,0
2024-07-31,D,Emami Paper Mills Ord Shs,139.95,141.88,136.2,137.85,122274,0
2024-08-01,D,Emami Paper Mills Ord Shs,138.6,139.67,136.42,137.36,58944,0
2024-08-02,D,Emami Paper Mills Ord Shs,132.41,139.03,130.0,136.93,74944,0
2024-08-05,D,Emami Paper Mills Ord Shs,130.0,134.86,128.75,133.78,155851,0
2024-08-06,D,Emami Paper Mills Ord Shs,134.5,137.8,131.5,132.39,91511,0
2024-08-07,D,Emami Paper Mills Ord Shs,133.5,137.29,131.64,133.23,55907,0
2024-08-08,D,Emami Paper Mills Ord Shs,134.0,135.38,133.11,134.25,41922,0
2024-08-09,D,Emami Paper Mills Ord Shs,139.4,139.4,135.0,135.99,92206,0
2024-08-12,D,Emami Paper Mills Ord Shs,131.0,133.5,130.8,133.0,113253,0
2024-08-13,D,Emami Paper Mills Ord Shs,133.7,134.32,129.48,130.29,54043,0
2024-08-14,D,Emami Paper Mills Ord Shs,130.5,132.5,126.88,130.47,60139,0
2024-08-16,D,Emami Paper Mills Ord Shs,131.0,132.22,125.42,127.1,84615,0
2024-08-19,D,Emami Paper Mills Ord Shs,129.0,133.59,128.12,131.69,74189,0
2024-08-20,D,Emami Paper Mills Ord Shs,133.65,133.65,129.44,129.97,85513,0
2024-08-21,D,Emami Paper Mills Ord Shs,129.55,133.42,127.7,128.82,68659,0
2024-08-22,D,Emami Paper Mills Ord Shs,128.5,131.73,128.5,129.16,115398,0
2024-08-23,D,Emami Paper Mills Ord Shs,129.8,134.9,129.01,129.62,171157,0
2024-08-26,D,Emami Paper Mills Ord Shs,130.9,131.11,128.82,130.08,54158,0
2024-08-27,D,Emami Paper Mills Ord Shs,130.8,138.38,129.16,135.6,272721,0
2024-08-28,D,Emami Paper Mills Ord Shs,137.65,139.99,133.45,135.68,192967,0
2024-08-29,D,Emami Paper Mills Ord Shs,136.4,139.98,133.01,134.1,89159,0
2024-08-30,D,Emami Paper Mills Ord Shs,134.8,137.59,129.16,130.42,138793,0
2024-09-02,D,Emami Paper Mills Ord Shs,131.1,133.53,129.5,129.86,73108,0
2024-09-03,D,Emami Paper Mills Ord Shs,130.5,131.0,128.0,129.42,75915,0
2024-09-04,D,Emami Paper Mills Ord Shs,128.0,130.0,127.51,127.78,45106,0
2024-09-05,D,Emami Paper Mills Ord Shs,128.5,129.99,126.5,126.92,62871,0
2024-09-06,D,Emami Paper Mills Ord Shs,126.4,128.75,124.0,124.73,82463,0
2024-09-09,D,Emami Paper Mills Ord Shs,129.3,130.0,121.5,122.51,75766,0
2024-09-10,D,Emami Paper Mills Ord Shs,123.01,126.5,120.0,122.86,52010,0
2024-09-11,D,Emami Paper Mills Ord Shs,123.5,127.28,122.91,124.13,48351,0
2024-09-12,D,Emami Paper Mills Ord Shs,124.8,125.1,123.2,124.22,29279,0
2024-09-13,D,Emami Paper Mills Ord Shs,124.9,129.62,124.9,127.46,77200,0
2024-09-16,D,Emami Paper Mills Ord Shs,129.9,130.7,127.0,129.14,91629,0
2024-09-17,D,Emami Paper Mills Ord Shs,129.8,131.17,128.08,129.06,36554,0
2024-09-18,D,Emami Paper Mills Ord Shs,129.06,129.06,125.38,126.93,25266,0
2024-09-19,D,Emami Paper Mills Ord Shs,127.6,129.37,122.45,125.52,39831,0
2024-09-20,D,Emami Paper Mills Ord Shs,128.2,128.2,124.53,124.93,38632,0
2024-09-23,D,Emami Paper Mills Ord Shs,127.0,127.21,124.0,124.31,34706,0
2024-09-24,D,Emami Paper Mills Ord Shs,123.11,126.02,122.43,123.43,63289,0
2024-09-25,D,Emami Paper Mills Ord Shs,124.5,124.7,120.09,122.33,64199,0
2024-09-26,D,Emami Paper Mills Ord Shs,123.0,123.99,122.0,122.5,37556,0
2024-09-27,D,Emami Paper Mills Ord Shs,123.1,124.18,120.02,121.18,91531,0
2024-09-30,D,Emami Paper Mills Ord Shs,118.73,120.01,114.53,114.92,215214,0
2024-10-01,D,Emami Paper Mills Ord Shs,115.0,116.46,114.51,114.99,66668,0
2024-10-03,D,Emami Paper Mills Ord Shs,113.91,115.99,113.2,113.86,58154,0
2024-10-04,D,Emami Paper Mills Ord Shs,114.0,115.3,113.0,113.5,55603,0
2024-10-07,D,Emami Paper Mills Ord Shs,114.99,114.99,109.22,109.77,45739,0
2024-10-08,D,Emami Paper Mills Ord Shs,108.35,114.0,108.35,111.97,45963,0
2024-10-09,D,Emami Paper Mills Ord Shs,113.55,114.75,112.02,113.28,31265,0
2024-10-10,D,Emami Paper Mills Ord Shs,113.9,115.7,112.62,114.93,44918,0
2024-10-11,D,Emami Paper Mills Ord Shs,115.0,116.03,113.7,113.99,52268,0
2024-10-14,D,Emami Paper Mills Ord Shs,114.35,114.58,113.05,113.3,15458,0
2024-10-15,D,Emami Paper Mills Ord Shs,113.9,115.79,112.8,113.15,37552,0
2024-10-16,D,Emami Paper Mills Ord Shs,113.7,113.76,111.32,111.97,46101,0
2024-10-17,D,Emami Paper Mills Ord Shs,112.6,113.8,111.61,112.59,31868,0
2024-10-18,D,Emami Paper Mills Ord Shs,112.0,113.89,111.0,112.47,19496,0
2024-10-21,D,Emami Paper Mills Ord Shs,111.4,113.86,110.1,110.43,20510,0
2024-10-22,D,Emami Paper Mills Ord Shs,110.43,111.24,103.95,106.07,43091,0
2024-10-23,D,Emami Paper Mills Ord Shs,106.07,106.97,102.74,104.83,54149,0
2024-10-24,D,Emami Paper Mills Ord Shs,104.15,105.99,102.05,102.94,57169,0
2024-10-25,D,Emami Paper Mills Ord Shs,103.0,103.84,99.0,99.85,58689,0
2024-10-28,D,Emami Paper Mills Ord Shs,99.05,109.88,99.05,105.35,58284,0
2024-10-29,D,Emami Paper Mills Ord Shs,109.65,109.65,102.15,103.5,82607,0
2024-10-30,D,Emami Paper Mills Ord Shs,103.5,106.34,102.55,105.69,29459,0
2024-10-31,D,Emami Paper Mills Ord Shs,105.68,107.2,104.0,106.43,39523,0
2024-11-01,D,Emami Paper Mills Ord Shs,107.0,110.99,106.51,108.63,12616,0
2024-11-04,D,Emami Paper Mills Ord Shs,109.5,110.5,104.54,105.01,90742,0
2024-11-05,D,Emami Paper Mills Ord Shs,105.81,108.0,105.04,107.6,22761,0
2024-11-06,D,Emami Paper Mills Ord Shs,108.41,108.99,106.55,107.49,65881,0
2024-11-07,D,Emami Paper Mills Ord Shs,108.0,111.05,104.75,105.74,103874,0
2024-11-08,D,Emami Paper Mills Ord Shs,105.74,107.13,103.65,104.27,46967,0
2024-11-11,D,Emami Paper Mills Ord Shs,103.5,105.48,101.0,102.9,21291,0
2024-11-12,D,Emami Paper Mills Ord Shs,104.35,104.45,101.51,103.0,23125,0
2024-11-13,D,Emami Paper Mills Ord Shs,103.9,103.9,100.0,100.54,22638,0
2024-11-14,D,Emami Paper Mills Ord Shs,101.95,101.95,99.0,99.96,19511,0
2024-11-18,D,Emami Paper Mills Ord Shs,100.3,101.39,98.4,99.36,28686,0
2024-11-19,D,Emami Paper Mills Ord Shs,99.5,102.05,99.1,99.78,23875,0
2024-11-21,D,Emami Paper Mills Ord Shs,99.4,100.75,97.25,98.48,34333,0
2024-11-22,D,Emami Paper Mills Ord Shs,99.95,100.75,99.0,99.47,33510,0
2024-11-25,D,Emami Paper Mills Ord Shs,101.28,101.95,100.08,101.19,16016,0
2024-11-26,D,Emami Paper Mills Ord Shs,101.9,104.2,100.51,103.28,27736,0
2024-11-27,D,Emami Paper Mills Ord Shs,103.28,104.95,102.61,103.77,16830,0
2024-11-28,D,Emami Paper Mills Ord Shs,104.0,105.79,103.0,104.22,22288,0
2024-11-29,D,Emami Paper Mills Ord Shs,105.99,107.44,102.61,104.06,43299,0
2024-12-02,D,Emami Paper Mills Ord Shs,105.5,116.54,103.6,112.15,413331,0
2024-12-03,D,Emami Paper Mills Ord Shs,114.5,114.5,110.5,111.11,81628,0
2024-12-04,D,Emami Paper Mills Ord Shs,112.49,112.49,110.01,110.67,39074,0
2024-12-05,D,Emami Paper Mills Ord Shs,110.0,121.0,110.0,115.33,216689,0
2024-12-06,D,Emami Paper Mills Ord Shs,115.29,118.21,113.21,117.01,79138,0
2024-12-09,D,Emami Paper Mills Ord Shs,117.0,117.99,115.1,116.48,38068,0
2024-12-10,D,Emami Paper Mills Ord Shs,116.48,118.98,115.51,116.25,41766,0
2024-12-11,D,Emami Paper Mills Ord Shs,115.01,117.68,115.01,116.98,26559,0
2024-12-12,D,Emami Paper Mills Ord Shs,116.7,118.89,114.6,116.84,27369,0
2024-12-13,D,Emami Paper Mills Ord Shs,117.75,117.75,107.8,110.28,236233,0
2024-12-16,D,Emami Paper Mills Ord Shs,109.55,128.0,109.18,124.99,1766503,0
2024-12-17,D,Emami Paper Mills Ord Shs,127.29,127.9,123.4,124.21,204940,0
